8chich,هشيش
cha3l,شاعل
DaSr,ضاصر
moudmin,مدمن
ghabyy,غبي
mkllkh,مكلخ
mjllj,مجلج
kbir,كبير
sghir,صغير
m8rrs,مهرس
momill,ممل
Sl3,صلع
ghliD,غليض
Tebbouz,طبوز
r9i9,رقيق
Twil,طويل
9Sir,قصير
zwin,زوين
bogos,بوڭوس
khayb,خايب
8bil,هبيل
mSTTi,مصطي
3aamr,عامر
jdid,جديد
9dim,قديم
charf,شارف
S3ib,صعيب
9as7,قاسح
sa8l,ساهل
m3TTl,معطل
7a9i9ia,حقيقية
3adi,عادي
gadd,ڭاد
bsiT,بسيط
m399d,معقد
t9il,تقيل
was3,واسع
nachT,ناشط
n9i,نقي
khayb,خايب
3aadil,عادل
ghany,غني
fa9ir,فقير
Tabi3i,طبيعي
mfrou9,مفروق
mch8our,مشهور
fr7an,فرحان
dourijin,دوريجين
khayf,خايف
Dakhm,ضاخم
3imla9,عملاق
za8i,زاهي
fakhour,فخور
raDi,راضي
7azin,حازين
nadm,نادم
mkta2b,مكتئب
mskin,مسكين
mrta7,مرتاح
mchghoul,مشغول
mchTon,مشطون
m3SSb,معصب
mochaghib,مشاغب
ghDban,غضبان
mrg,مرڭ
7chman,حشمان
kalm,كالم
wa7id,واحيد
mnba8er,منبهر
mstghrb,مستغرب
mchoki,مشوكي
mrwwn,مرون
mtredded,متردد
3yyan,عيان
Tmma3,طماع
anani,اناني
skhi,سخي
s9ram,سقرام
bakhil,بخيل
Drief,ضريف
Sbbar,صبار
m2ddb,مأدب
m3gaz,معڭاز
mojta8id,مجتهد
choja3,شجاع
za3em,زاعم
fDoli,فضولي
mghrour,مغرور
mtwaD3,متواضع
ja8il,جاهل
3abiT,عبيط
dki,دكي
7akim,حكيم
nabigha,نابغة
amine,امين
kddab,كداب
ghddar,غدار
nSSab,نصاب
nyya,نية
mtfa2l,متفائل
mtcha2m,متشائم
komik,كوميك
ytim,يتيم
7amla,حاملة
ijabi,إيجابي
silbi,سلبي
waa9i3i,واقعي
tay3yyef,تايعيف
tay3adi,تايعادي
3ma,عما
Smk,صمك
zizoun,زيزون
mchllel,مشلل
mo3wwa9,معواق
3agr,عاڭر
mj8oul,مجهول
m9boul,مقبول
m39ol,معقول
mn7az,منحاز
mo7ayid,موحاييد
waaD7,واضح
mojrim,مجرم
9ttal,قتال
ghali,غالي
rkhiS,رخيص
ga3,ڭاع
lkhrin,لخرين
zwin,زوين
lkher,لخر
b7al,بحال
sghir,صغير
mghyyer,مغير
lli mora,لي مورا
3aDim,عضيم
ma7lli,محلي
jtima3i,جتماعي
mo8im,مهم
waTani,وطني
3aali,عالي
Twil,طويل
ttani,تاني
waas3,واسع
3aamm,عام
momkin,ممكن
chaabb,شاب
syasi,سياسي
3omoumi,عمومي
mo7ddad,محدد
mojoud,موجود
bkri,بكري
asaasi,اساسي
ra2isi,رئيسي
9tiSadi,قتصادي
mo2kkad,مؤكد
ghaliban,غالبان
wa7id,وحيد
dawli,دولي
m2kked,مأكد
mo3yyan,معين
momyyaz,موميز
S3ib,صعيب
m7loul,محلول
kollchi,كولشي
neSS,نص
7orr,حر
markazi,مركزي
mochtarak,مشترك
cha2i3,شائع
mtchab8,متشابه
Darouri,ضاروري
S7i7,صحيح
3aazib,عازب
khaSS,خاص
chkhSi,شخصي
maali,مالي
ajnabi,اجنابي
chdid,شديد
naa9S,ناقص
mtnwwe3,متنوع
7aaDir,حاضير
malaki,ملكي
khaT2,خاطأ
bo7do,بوحدو
7aali,حالي
9aanouni,قانوني
7adit,حاديت
lkher,لخر
zwin,زوين
mzyan,مزيان
9rib,قريب
m39ol,معقول
saabi9,سابق
mo3tabar,معتبر
ra2is,رئيس
Sinaa3i,صناعي
mo7ddad,محدد
monaasib,مناسب
3aali,عالي
myyet,ميت
mt2ssef,متأسف
naaj7,ناجح
7rbi,حربي
asaasi,اساسي
wa3i,واعي
mch8our,مشهور
mi8ani,مهني
mobachir,مباشر
mofid,مفيد
f33al,فعال
wajd,واجد
mDllem,مضلم
mosta9ill,مستقل
t9lidi,تقليدي
ghrbi,غربي
mo3tabar,معتبر
bard,بارد
ms2oul,مسؤول
kaml,كامل
Tibbi,طبي
skhoun,سخون
dakari,دكري
awwali,اولي
madani,مدني
most9bali,مستقبلي
by2i,بيئي
waD7,واضح
lkbir,لكبير
nawawi,نووي
sanawi,سنوي
jihawi,جهوي
tijari,تجاري
llekher,لخر
taTbi9i,تطبيقي
3ami9,عميق
rsmi,رسمي
ra2isi,رئيسي
montaDim,منتضم
m2louf,مألوف
zayd,زايد
nachT,ناشط
standar,سطاندار
9wi,قوي
wasaT,وسط
gddami,ڭدامي
mosta7il,مستحيل
mnzili,منزلي
fi3li,فعلي
ti9ni,تقني
3adi,عادي
dakhili,داخلي
momtaz,ممتاز
Tri,طري
b3id,بعيد
mo7tamal,محتمل
chamali,شمالي
dini,ديني
ta9afi,ثقافي
mochtarak,مشترك
bo7do,بوحدو
aamin,امن
mo7afiD,محافض
chkli,شكلي
monasib,مناسب
bzzaf,بزاف
9arawi,قروي
mbda2i,مبدئي
maghaddch,ماغدش
mo3ddal,معدل
dafi,دافي
ghrib,غريب
mola2im,مولاأيم
m7bob,محبوب
fawri,فاوري
ijmali,يجمالي
msawi,مساوي
kafi,كافي
dimo9raTi,ديموقراطي
chr9i,شرقي
8adi2,هادئ
t3limi,تعليمي
S7i7,صحيح
3ilmi,علمي
ontawi,انثوي
39li,عقلي
khaTir,خطير
7arij,حرج
mDobl,مضوبل
sri3,سريع
mamo7tamalch,مامحتملش
m2lof,مألوف
tarikhi,تاريخي
janoubi,جنوبي
mitaali,مثالي
mSro3,مصروع
yawmi,يومي
mota7rrir,متحرر
liberali,ليبرالي
7aDari,حضاري
fogani,فوڭاني
bayn,باين
khaD3,خاضع
sghiwwer,صغيور
mDwwi,مضوي
akhla9i,اخلاقي
badil,بديل
jddab,جداب
radd lbal,راد لبال
7ayawi,حيوي
8amaji,همجي
khawi,خاوي
damawi,دموي
khariji,خارجي
charf,شارف
nisbi,نسبي
9dim,قديم
mkhtaSr,مختصر
gadd,ڭاد
namoudaji,نمودجي
mtisse3,متيسع
mDyye9,مضيق
kollo,كولو
ra2i3,رائع
tabt,تابت
mitali,متالي
akadimi,اكاديمي
9aaser,قاسر
mamo8immch,ماموهيمش
was3,واسع
naadir,نادر
7aadd,حاد
asaasi,اساسي
daym,دايم
ra8ib,رهيب
mriD,مريض
ghliD,غليض
maSiri,مصيري
daakhili,داخلي
taab3,تابع
mo3aSir,معاصر
kbir,كبير
sab9,سابق
taanawi,تانوي
fchkel,فشكل
8a2il,هائل
bo7do,بوحدو
7aadd,حاد
mriD,مريض
choyou3i,شيوعي
Saafi,صافي
mTwwel,مطول
modnib,مدنب
chaamil,شامل
Dakhm,ضخم
7yy,حي
zira3i,زراعي
ra2isi,رئيسي
f33al,فعال
mz8ar,مزهار
3orfi,عرفي
taTwwo3i,تطوعي
dramatiki,دراماتيكي
mo299at,مؤقت
da8abi,ذهبي
7ibbi,حيبي
m3tamd,معتمد
tanafosi,تنافسي
jdri,جدري
7ssas,حساس
kharj,خارج
msTT7,مسطح
3aaTifi,عاطفي
khaT2,خاطئ
monasib,مناسب
Si77i,صحي
chaamil,شامل
sri3,سريع
idaari,اداري
skkouti,سكوتي
l7dd,لحد
D3if,ضعيف
ml7ouD,ملحوض
sirri,سيري
3ziz,عزيز
jama3i,جماعي
fazg,فازڭ
9as7,قاسح
mota2lli9,متألق
electroni,الكتروني
moTla9,مطلق
kaytchaf,كيتشاف
tlkhcheb,تلخشب
Saarim,صارم
tDDo,تضو
kimya2i,كميائي
saami,سامي
adabi,ادبي
khaaliS,خالص
9as7,قاسح
mojrrad,مجرد
aSiil,اصيل
a9Saa,اقصا
ba8t,باهت
mntachr,منتشر
katoliki,كاتوليكي
klasiki,كلاسيكي
mofDDal,مفضل
chtiraki,شتراكي
3rram,عرام
7lo,حلو
mkhtalf,مختلف
tay9,تايق
Dedd,ضد
mofid,موفيد
S3ib,صعيب
mtnas9,متناسق
sri3,سريع
msta9err,مستاقر
goud,ڭود
kaykhle3,كايخلع
stratiji,ستراتيجي
momtaz,مومتاز
kliniki,كلينيكي
a9all haja,اقل حاجا
wa3i,واعي
msyTer,مسيطر
bard,بارد
dostouri,دستوري
ghDban,غضبان
naDari,نضري
m8moum,مهموم
mo9ddas,مقدس
sakani,سكني
monasib,مناسب
7eyy,حي
las9,لاسق
mousi9i,موسيقي
fo9 l3ada,فوق لعادا
khari9 lil3ada,خارق للعادا
nazih,نزيح
d9i9,دقيق
bayn,باين
9lil,قليل
dyal lflous,ديال لفلوس
3an bo3d,عن بعد
Sari7,صريح
b3id,بعيد
chomour,شومور
mchomer,مشومر
wagf,واڭف
Drief,ضريف
nefsi,نفسي
SSghir,صغير
mles,ملس
3anif,عنيف
haykali,هيكلي
mdwwer,مدور
7ssas,حساس
mol99ab,ملقب
mttaSel,متصل
9rib,قريب
momtann,ممتن
zwin,زوين
waD7,واضح
mawsimi,موسمي
momti3,ممتع
kawni,كوني
zamil,زميل
klasiki,كلاسيكي
mossekh,موسخ
kaykaafe2,كيكافئ
mrkhi,مرخي
mobdi3,مبدع
ni8aa2i,نهائي
loghawi,لغوي
taabt,تابت
fikri,فكري
fa9d l2amal,فاقد لأمل
9aDaa2i,قضائي
tawri,توري
imbraTouri,امبراطوري
ghayr 9anoni,غير قانوني
khaam,خام
khaariji,خارجي
ghayr rsmi,غير رسمي
morr,مر
tjribi,تجريبي
jama3i,جامعي
kayt3awd,كايتعاود
rou7i,روحي
mcharji,مشارجي
taarikhi,تاريخي
m39oul,معقول
mamnasbch,ممناسبش
7add,حاد
mnTi9i,منطقي
m9bol,مقبول
osbou3i,اسبوعي
3chwa2i,عشوائي
mtwaD3,متواضع
mzyyer,مزير
na3s,ناعس
dki,دكي
ms2oul,مسؤول
motabaadal,متبادل
moDa3af,مضاعف
ti9a,تيقة
bo7do,بوحدو
nnawa7i,نواحي
8aamichi,هامشي
mTab9,مطابق
bDDbT,بضبط
ntikhabi,نتخابي
momyyiz,ممييز
chafawi,شفوي
3ryan,عريان
ri2aasi,رئاسي
3oDwi,عضوي
bl7sab,بلحساب
3ajil,عاجل
mrghoub,مرغوب
7Sri,حصري
yawmi,يومي
ra2i3,رائع
Saarim,صارم
mamtwe99e3ch,ممتوقعش
barii2,بريء
b7ri,بحري
romansi,رومانسي
mSTane3,مصطنع
mo2ssasati,مؤسساتي
bioloji,بيولوجي
monaasib,مناسب
8a2il,هائل
ra2smali,رأسمالي
khddam,خدام
mikaniki,ميكانيكي
mobaachir,مباشر
mami99ench,ماميقنش
r9mi,رقمي
mod8il,مدهل
3odwani,عدواني
3ryan,عريان
machi 3aadil,ماشي عادل
mtfowwe9,متفوق
kolla ch8er,كل شهر
tchri3i,تشريعي
iDafi,اضافي
Sarii7,صريح
mo2lim,مألم
mtab3,متابع
dki,دكي
m9lle9,مقلق
jiini,جيني
maDarorich,مضاروريش
mo2ttir,مأثر
ghir,غير
hir,"هير "
ji3an,جيعان
mokttaf,مكثف
stiwa2i,ستيوائي
mowazi,موازي
mabaynch,مباينش
2aamin,امن
lt7tani,لتحتاني
ftitaa7i,فتتاحي
joz2i,جزئي
a9all,اقل
mosa3id,مساعد
3amoudi,عمودي
tdriiji,تدريجي
9aarri,قاري
stitna2i,ستيتناأي
kay3yyef,كيعيف
raa9i,راقي
mlmous,ملموس
mo299at,موأقات
ilzami,يلزامي
mozmin,موزمن
kaytkhlleS,كيتخلص
mn8aji,منهاجي
mawDou3i,موضوعي
momyyiz,مومييز
fazg,فازڭ
7ssas,حساس
momill,ممل
si7ri,سحري
awwal,اول
kayD77ek,كيضحك
khddam,خدام
stichaari,ستشاري
bida2i,بدائي
idioloji,أيديولوجي
tiknoloji,تكنولوجي
ani9,انيق
mo3akis,معاكس
mlas9,ملاسق
3odwani,عدواني
mitli,مثلي
2aamn,امن
kaykhle3,كيخلع
joghrafi,جغرافي
dinamiki,ديناميكي
mota7rrik,متحرك
momtaz,ممتاز
ghayr mobachir,غير مباشر
tamiin,ثمين
ghali,غالي
ml7ouD,ملحوض
mo7ddad,محدد
mo2sif,مؤسف
fnni,فني
mighnaTisi,مغناطيسي
makayt9adach,مكايتقاداش
charis,شرس
khfif,خفيف
mj88d,مجهد
Tamou7,طموح
bl8Dra,بلهضرا
naDj,ناضج
chr3i,شرعي
m3rouf,معروف
mo7rij,محرج
raDi,راضي
tjribi,تجريبي
S3ib,صعيب
9as7,قاسح
mt3aaTf,متعاطف
sti3mari,ستعماري
khbit,خبيت
chirrir,شرير
b7ri,بحري
mlaa2em,ملائم
wsT,وسط
ghayb,غايب
was3,واسع
3ir9i,عرقي
tmtiili,تمتيلي
ba8t,باهت
7ayawi,حيوي
saa7ili,ساحلي
mt7mmes,متحمس
feminist,فمينيست
Solb,صلب
3ami9,عاميق
nisbi,نسبي
gharib,غريب
mofid,مفيد
motan99il,متنقل
montij,منتج
sT7i,سطحي
7ariiS,حريص
remzi,رمزي
m3tadl,معتدل
9aatil,قاتل
mjmou3,مجموع
morbi7,مربح
monafis,منافس
jozay2i,جزيئي
idaari,اداري
ddakhili,داخلي
khTTi,خطي
makafich,مكافيش
mo288al,مؤهل
m3nfj,معنفج
mamori7ch,مموريحش
mokhliS,مخلص
morta9ab,مرتقب
tlwalidin,تلواليدين
maali,مالي
tlflous,تلفلوس
khawi,خاوي
9aasi,قاسي
w7chi,وحشي
mtnww3,متنوع
nabil,نبيل
motaghyyir,متغير
mt2aSSel,متأصل
kham,خام
mchbou8,مشبوه
nti9a2i,نتقائي
mfSSl,مفصل
mtwsseT,متوسط
ghaamiD,غامض
flsafi,فلسفي
mt3mmed,متعمد
7anoun,حانون
m7DouD,محضوض
m7mi,محمي
mo9ddas,موقداس
sa2il,ساأيل
chmsi,شمسي
mamofri7ch,ماموفريحش
ryaDyati,رياضي
difaa3i,دفاعي
mi3maari,معماري
ghayr monaasib,غاير مناسب
yadawi,يدوي
da2iri,دائري
moSirr,مصر
motaabir,متابر
ilaahi,الاهي
makaani,مكاني
mam9bolch,ممقبولش
msmoum,مسموم
mo288al,مؤهل
mtkaml,متكامل
mam9yousch,ممقيوسش
mkhtar,مختار
m3awd,معاود
zayd,زايد
za3m,زاعم
8aawi,هاوي
gddami,ڭدامي
9ddami,قدامي
mabaynch,مباينش
idraaki,يدراكي
m2sawi,مأساوي
mofji3,مفجع
tnDimi,تنضيمي
7aasim,حاسم
i9limi,اقليمي
mnTa9i,منطاقي
fay9,فايق
daakhili,داخلي
mo7tamal,محتمل
3ksi,عكسي
mo7taram,محترم
sakn,ساكن
mo9iim,مقيم
madani,مدني
,
mt3SSeb,متعصب
tabt,تابت
wagf,واڭف
mtwaf9,متوافق
sababi,سببي
Dimni,ضمني
mamfrouchch,ممفروش
9diim,قديم
jamaali,جمالي
mbogs,مبوڭس
mjmo3,مجموع
r9i9,رقيق
Twil,طويل
mozdawij,مزدوج
machi mawDoo3i,ماشي موضوعي
mafrasoch,مفراسوش
mawa3ich,مواعيش
akhla9i,اخلاقي
mstili,مستيلي
mjhoul,مجهول
fchkel,فشكل
gharib,غريب
moraa8i9,مراهق
ghali,غالي
kaariti,كارثي
msta9ll,مستقل
radd lbal,راد لبال
dyal ddarra,ديال دارا
sirri,سري
7m9,حمق
mlwwen,ملون
bnin,بنين
3ami9,عميق
moghram,مغرم
jdid,جديد
mntaDm,منتضم
mtnas9,متناسق
majiid,مجيد
nfsi,نفسي
mo3jami,معجمي
tTawwori,تطوري
kayrbbi,كيربي
t2dibi,تأديبي
3tibaaTyan,عتباطيان
kayfrre7,كيفرح
mtchrred,متشرد
chmkar,شمكار
gharib,غريب
fa2iD,فائض
zyada,زيادا
7amimi,حاميمي
tdriji,تدريجي
flkharj,فلخارج
mi8ani,مهني
tlkhdma,تلخدمة
3aalami,عالمي
7chman,حشمان
tnDimi,تنضيمي
khbit,خبيت
takhayyoli,تاخايولي
3ajib,عاجيب
ni8a2i,نيهاأي
mrtajl,مرتاجل
makaytSnne3ch,ماكايتصنعش
wizari,ويزاري
mobtakar,موبتاكار
mafaa8iimi,مافاهيمي
madani,ماداني
7eyy,حي
tnna7w,تناحو
mokhliS,موخليص
mtwsseT,متوسط
tkmili,تكميلي
jyoloji,جيولوجي
bnnaa2,بناأ
kaybni,كايبني
ghayr mnTi9i,غاير منطيقي
Darori,ضاروري
mchmmech,مشمش
ta3aawoni,تاعاووني
solouki,سولوكي
mabaghich,ماباغيش
S7i7,صحيح
khtiyari,ختيياري
aSli,اصلي
manaje7ch,ماناجحش
mam2ddebch,مامأدبش
mamrbbich,مامربيش
borjwazi,بورجوازي
3ilmani,عيلماني
momti3,مومتيع
mo299at,موأقات
mosaa8im,موساهيم
akhir,اخير
ni8aa2i,نيهاأي
3amali,عامالي
mokttaf,موكتاف
fotoghrafi,فوتوغرافي
tlbaladia,تلبالاديا
mt7mmes,متحمس
m7doud,محدود
wa7id,واحيد
daakhili,داخيلي
mtwetter,متوتر
blcontra,بلكونترا
ta3aa9odi,تاعاقودي
ftiraDi,فتيراضي
khaTir,خاطير
atari,اتاري
bayn,باين
kay8ezz,كايهز
tafaa3oli,تفاعلي
w7chi,وحشي
chkli,شكلي
makattnsach,ماكاتنساش
ka2ib,كاأيب
t7tani,تحتاني
tlmSaren,تلمصارن
mokmmil,مكمل
mo8oub,موهوب
abadi,ابادي
jasadi,جاسادي
si7ri,سيحري
mf8oum,مفهوم
bayn,باين
mawaD7ch,ماواضحش
aSli,اصلي
momkina,مومكينا
magaddch,ماڭادش
ma9aderch,ماقادرش
komik,كوميك
moD7ik,موضحيك
komidi,كوميدي
sti3mari,ستيعماري
mn3azl,منعازل
3abati,عاباتي
moDirr,موضير
ghamD,غامض
khawi,خاوي
chyaTa,شياطا
kaytlSS9,كايتلصق
khfif,خفيف
sri3,سريع
moSghghara,موصغغارا
bzzaf,بزاف
machi Tabi3i,ماشي طابيعي
3orfi,عورفي
kayDerr,كايضر
mochi33,موشيع
kay9tel,كيقتل
m9boul,مقبول
9aabil,قابل
jtima3i,جتماعي
magaddch,ماڭادش
radd lbal,راد لبال
mam3rofch,مامعروفش
jira7i,جيراحي
mo3awin,موعاوين
mo2nnat,موأنات
kayfrchekh,كايفرشخ
kiwalo,كيوالو
tonaa2i,توناأي
baghi,باغي
naatj,ناتج
9wi,قوي
wa3r,واعر
S7i7,صحيح
fasd,فاسد
m3foun,معفون
waa9i3i,واقيعي
3amali,عامالي
ghayr morDi,غاير مورضي
w9t joz2i,وقت جوزأي
mi8ani,ميهاني
marin,مارين
mch8or,مشهور
m3aarD,معارض
mojrrad,مجرد
laa2i9,لاأيق
jjay,جاي
mn7adr,منحادر
kaytTbbe9,كايتطبق
kasoul,كاسول
9bi7,قبيح
ch8eb,شهب
droka,دروك
D3if,ضعيف
mobrziT,موبرزيط
frra3,فراع
mozwwir,موزوير
mo8jjij,مهجيج
mo3nfij,معنفيج
msbiTr,مسبيطر
m7chchech,محشش
mSr8eT,مصرهط
9walbi,قوالبي
bkkay,بكاي
mokhlwiD,موخلويض
7rayfi,حرايفي
mawaD7ch,ماواضحش
8aamichi,هاميشي
motaw99a3,متوقع
8ojoumi,هجومي
mtna9D,متناقض
mawsimi,موسمي
jbbar,جبار
mrowwen,مرون
baSari,بصري
lani8a2i,لانيهاأي
mdikori,مدكوري
kammi,كمي
mtnaasb,متناسب
biro9raTi,بيروقراطي
kayghir,كيغير
khayali,خايالي
mghyar,مغيار
ldid,لديد
bayn,باين
mftou7,مفتوح
sad,ساد
mesdoud,مسدود
m7loul,محلول
ghaleT,غالط
mbeddel,مبدل
S7i7,صحيح
mwellef,مولف
dayekh,دايخ
mdowwakh,مدوخ
mberrer,مبرر
,
dima,ديما
machi,ماشي
ghaliban,غالبا
9aryban,قريبا
bkri,بكري
bchwia,بشويا
bl8adawa,بلهاداوا
imkn,يمكن
8na,هنا
l8i8,لهيه
9rib,قريب
lfo9,لفوق
mn b3d,من بعد
daba,دابا
chwia,شوية
bzzaf,بزاف
kolliyan,كليا
flblaSa,فلبلاصا
t9riban,تقريبا
mrra mrra,مرة مرة
naadiran,نادرا
walakin,ولاكن
zid 3liha,زيد عليها
kafi,كافي
ga3,ڭاع
dghya,دغيا
bzzrba,بزربا
9bel,قبل
mnb3d,منبعد
9ariban,قريبا
mazal,مازال
dad,ضد
akhiran,اخيرا
7rfyyan,حرفيا
ghaliban,غالبا
,
mch,مش
7mar,حمار
zarafa,زرافة
sb3,سبع
djaja,دجاجة
frouj,فروج
ghzala,غزالا
nmr,نمر
Db3,ضبع
7out,حوت
nmla,نملا
fkroun,فكرون
brbouch,بربوش
bghl,بغل
3awd,عود
khrouf,خروف
7awli,حولي
n3ja,نعجة
m3za,معزة
timsa7,تمساح
fil,فيل
3jl,عجل
dib,ديب
7llouf,حلوف
9rd,قرد
Tobba,طوبا
jml,جمل
dlfin,دلفين
moka,موكة
t3lb,تعلب
bgra,بڭرة
dobb,دب
9niwna,قنيونة
Twiyer,طوير
ti9lit,تقليت
babbagha,بباغا
far,فار
bTTa,بطة
bibi,بيبي
n7la,نحلة
ghrab,غراب
7mama,حمامة
bllarj,بلارج
n3ama,نعامة
gnfoud,ڭنفود
khffach,خفاش
jrana,جرانة
sinjab,سنجاب
7nch,حنش
okhToboT,أخطبوط
9irch,قرش
nsr,نسر
biTri9,بطريق
faracha,فراشة
rtila,رتيلة
3grba,عڭربة
namousa,نموسة
dbbana,دبانة
dbban,دبان
jrada,جرادة
douda,دودا
doud,دود
7ayawan,حيوان
7achara,حشرة
7acharat,حشرات
7ayawanat,حيوانات
3oSfor,عصفور
tour,تور
samaka,سمكا
daynaSour,ديناصور
bobris,بوبريس
9ondos,قندس
b8ima,بهيما
wzza,وزا
Taws,طاوس
srdin,سردين
smTa,سمطا
fo9ma,فقمة
srra9zzit,سراقزيت
boj3ran,بوجعران
gml,ڭمل
mn9ar,منقار
jna7,جناح
richa,ريشا
ghoul,غول
faras nna8r,فرس نهر
wa7id l9arn,واحد لقرن
7imar wa7chi,حمار وحشي
ghzala,غزالا
fa8d,فهد
ferrouj,فروج
8od8od,هدهد
,
mousi9a,موسيقا
rasm,رسم
kamanja,كمنجة
3oud,عود
chTi7,شطيح
ghna,غنا
chi3r,شعر
fenn,فن
msr7,مسرح
tSfi9,تصفيق
tSwira,تصويرة
ta9afa,ثقافة
chita,شيتا
khayal,خيال
DDo,ضو
ibda3,إبداع
jamal,جمال
raw3a,روعة
chaa3ir,شاعر
kaatib,كاتب
riwa2i,ريواأي
mokhrij,مخرج
momttil,ممثل
mo2llif,مؤلف
8ndasa,هندسة
rasm,رسم
n7t,نحت
mt7f,متحف
Tbl,طبل
nghma,نغما
osloub,أسلوب
ofo9i,أفقي
3amoudi,امودي
chm3a,شمعة
nsijam,نسجام
tze3zi3,تزعزيع
i9a3,إقاع
t2tir,تأتير
t2Tir,تأطير
tSmim,تصميم
t3bir,تعبير
ti9nia,تيقنيا
tikrar,تكرار
m3awda,معاودا
tamatoul,تاماتول
bou3d,بعد
masafa,ماسافا
gnTra,ڭنطرا
khTT,خط
morbba3,مورباع
motllat,موتلات
mostaTil,موستاطيل
n9Ta,نقطة
Sout,صوت
zwin,زوين
khayal,خيال
chaacha,شاشة
koumidia,كوميديا
taarikhi,تاريخي
Sout,صوت
adat,أداة
nghma,نغمة
m3riD,معرض
mi8rajan,مهرجان
makiaj,مكياج
baTal,بطل
ch3bi,شعبي
riwaya,ريوايا
moslsal,مسلسل
9anat,قناة
ich8ar,إشهار
moghnni,مغني
fr9a,فرقا
jou9,جوق
kasiTa,كسيطا
,
7wayj,حوايج
khatm,خاتم
9amija,قميجا
srwal,سروال
kaskita,كاسكيتا
sbbat,سبات
t9achr,تقاشر
chort,شورت
kbbot,كبوت
grafaTa,ڭرافاطا
Trbouch,طربوش
tjakiTa,تجاكيطا
Saya,صايا
chal,شال
djin,دجين
kswa,كسوا
kostim,كوستيم
likouch,ليكوش
ligat,ليڭات
smTa,سمطا
SDfa,صضفا
jib,جيب
Twang,طوانڭ
snsla,سنسلا
gormiT,ڭورميط
bsTam,بسطام
mDll,مضل
Tagia,طاڭية
touni,توني
jellaba,جلابة
blgha,بلغة
drra3ia,دراعيا
jabador,جابادور
9fTan,قفطان
tkchiTa,تكشيطا
sl8am,سلهام
loun,لون
7mr,حمر
khdr,خضر
zr9,زرق
byed,بيض
k7l,كحل
limouni,ليموني
gri,ڭري
9hwi,قهوي
bonni,بني
fanidi,فانيدي
wardi,وردي
banafsaji,بنفسجي
Sfr,صفر
maro,مارو
bij,بيج
d8bi,دهبي
mghlou9,مغلوق
mftou7,مفتوح
wrda,وردة
nbta,نبتة
chouk,شوك
nkhla,نخلة
chjra,شجرا
chjr,شجر
Sbbar,صبار
SafSaf,صفصاف
Sanawbar,صنوبر
3rch,عرش
zira3a,زراعة
zrri3a,زريعا
gazo,ڭازو
jdr,جدر
trab,تراب
ktabi,كتابي
3imartna,عمارتنا
flous8a,فلوسها
klb8om,كلبهم
7yato,حياتو
chghlk,شغلك
moul,مول
dyali,ديالي
dyalo,ديالو
dyalha,ديالحا
dyalhom,ديالحوم
dyalna,ديالنا
,
gddam,قدام
mora,مورا
fog,فوق
t7t,تحت
3la,علا
b3d,بعد
Dedd,ضد
fost,فوست
b7al,بحال
f,ف
bsbab,بسباب
9bl,قبل
mora,مورا
t7t,تحت
7da,حدا
bin,بين
b,ب
bwasiTat,بواسطة
t7t,تحت
fou9t,فوقت
ma3ada,ماعدا
tab3,تابع
l,ل
l,ل
mn,من
f,ف
za2id,زائد
ila,يلا
bima fiha,بيما فيها
daakhl,داخل
mn,من
3la,علا
bnnisba,بنسبا
mn,من
f ttija8,ف تيجاه
7tal,حتال
m3a,مع
7it,حيت
bach,باش
,
ana,انا
nta,نتا
nti,نتي
hoa,هو
hia,هي
7na,حنا
ntoma,نتوما
homa,هوما
ayy wahd,اي واحد
tta wahd,تواحد
ayyatoha haja,اياتوحا حاجا
kolchi,كلشي
hada,هادا
dak,داك
hadak,هاداك
hadik,هاديك
hado,هادو
imta,إمتا
fo9ach,فوقاش
fine,فين
w9tach,وقتاش
3lach,علاش
kifach,كيفاش
ach,اش
chno,شنو
chkon,شكون
kifach,كفاش
ktr,كتر
aktar,اكتار
a9al,اقل
9el,قل
,
7jjam,حجام
7lla9,حلاق
gzzar,ڭزار
Tbib,طبيب
frmlia,فرمليا
modir,مدير
fnnan,فنان
trisyan,تريسيان
mo8ndis,مهندس
flla7,فلاح
Sa7afi,صحافي
9aDi,قاضي
mo7ami,موحامي
mikanisyan,مكانيسيان
wakil,وكيل
bolisi,بوليسي
jadarmi,جدارمي
rssam,رسام
moSwwir,مصور
srbay,سرباي
srbaya,سربايا
khyyaT,خياط
safir,سفير
mostachar,مستشار
mo9awil,مقاول
mowDDaf,مووضاف
sikritira,سيكريتيرا
khDDar,خضار
njjar,نجار
7rayfi,حرايفي
Sbbagh,صباغ
n77at,نحات
mol ddjaj,مول دجاج
mol l7out,مول لحوت
mol lmSbana,مول لمصبانا
gbbaS,ڭباص
jlayji,جلايجي
oustad,وستاد
SSla,صلا
Syam,صيام
lhej,لحج
zakat,زاكات
jam3,جامع
lihoud,ليحود
nSara,نصارا
imane,يمان
koffar,كوفار
rou7,روح
jenna,جنا
nnar,نار
jahnam,جاحنام
lakhra,لاخرا
chrab,شراب
malak,مالاك
ddin,دين
loDo,لوضو
3ti9ad,عتيقاد
chiTan,شيطان
jnn,جن
3issa,عيسا
ibrahim,يبراحيم
moussa,موسا
khalifa,خاليفا
kanissa,كانيسا
fir3awn,فيرعاون
jibril,جيبريل
3zrayl,عزرايل
chaba7,شاباح
lboudia,لبوديا
daoud,داود
nou7,نوح
taTwwor,تاطوور
jaza2,جازاأ
Salib,صاليب
T8ara,طهارا
khtana,ختانا
SSa7aba,صحابا
fi98,فيقه
chari3a,شاريعا
ftwa,فتوا
khayr,خاير
charr,شار
9or2an,قورأان
mo9ddas,موقداس
9ods,قودس
rou7,روح
rou7ania,روحانيا
9iama,قياما
janaza,جانازا
dbn,دبن
Sob7,صوبح
Do8r,ضوهر
l3aSr,لعاصر
lmghrb,لمغرب
l3cha,لعشا
zawia,زاويا
injil,ينجيل
masi7,ماسيح
allah,الاح
rassoul,راسول
mslm,مسلم
sonni,سوني
chi3i,شيعي
mol7id,مولحيد
il7ad,يلحاد
Sm3a,صمعا
adan,ادان
7lal,حلال
7ram,حرام
mo3jiza,موعجيزا
,
t3nfij,تعنفيج
trbziT,تربزيط
twichia,تويشيا
l3iba,لعيبة
l3amala,لعمالة
tbl7is,تبلحيس
Tnz,طنز
z3fan,زعفان
ka3i,كاعي
l8imri,لهيمري
m9rach,مقراش
3zzi,عزي
Tbbouzi,طبوزي
tkhrbi9,تخربيق
3zwa,عزوا
law3lm,لاوعلم
brbbi,بربي
awdi,اودي
bz9oul,بزقول
chwikkik,شوكيك
T8lla,طهلا
3rram,عرام
ewa,إوا
fchkl,فشكل
gharib,غريب
tfrnisa,تفرنيسا
bz9oul,بزقول
br8och,برهوش
tbznisa,تبزنيسا
t8jaj,تهجاج
9oz9oza7,قوس قوزاح
Saa7a,صحة
mwrre9,مورق
naDi,ناضي
8nnina,هنينا
fog chchb3a,فوڭ ششبعا
dyal lmchkhara,ديال لمشخارا
chchann TTann,شان طان
ml3ouba,ملعوبا
n7ila,نحيلا
8rrbo lia,هربو ليا
Dbber 3la,ضبر علا
khrrej 3inih,خرج عينيح
jb8a,جبها
snTi7a,سنطيحا
mrigl,مريڭل
blan,بلان
wakwakk,واكواك
makat9chcherch,مكتقشرش
khdama lia,خدامة ليا
flous,فلوس
l3a9a,لعاقة
stitmar,ستتمار
raslmal,راس لمال
ttaman,ثمن
Talab,طلب
kra,كرا
salaf,سلف
9rD,قرض
kridi,كريدي
9tiSad,قتصاد
byya3,بياع
chrray,شراي
lbi3,لبيع
chchra,شرا
sou9,سوق
charika,شريكة
dr8m,درهم
jma3a,جماعة
tti7ad,تيحاد
7tikar,حتيكار
7tiyaT,حتيياط
khdma,خدما
3omla,عوملا
rrb7,ربح
kriz,كريز
stachr,ستاشر
sti9rar,ستيقرار
sti8lak,ستيهلاك
iSla7,يصلاح
sa2i7,ساأيح
biznis,بيزنيس
tijara,تيجارا
fayit,فاييت
dawli,داولي
3alami,عالامي
D3if,ضعيف
fa9ir,فاقير
mntouj,منتوج
brnamaj,برناماج
banka,بانكا
borSa,بورصا
lasorans,لاسورانس
tkhzin,تخزين
tkhTiT,تخطيط
lma3icha,لمعيشة
Dariba,ضريبة
srbis,سربيس
blan,بلان
da3m,داعم
ch8ria,شهريا
bznas,بزناس
faktoura,فاكتورا
mizania,ميزانيا
Sina3a,صيناعا
SSayd,صايد
l9iTa3 lkhaS,لقيطاع لخاص
l9iTa3 l3amm,لقيطاع لعام
tmwil,تمويل
3amal,عامال
sti9ala,ستيقالا
ta9a3od,تاقاعود
mdkhoul,مدخول
mchro3,مشروع
tterwa,تروا
Talab,طالاب
,
oustad,وستاد
tlmid,تلميد
moudir,مودير
3amid,عاميد
sbbora,سبورا
Tabachir,طاباشير
fizik,فيزيك
tarikh,تاريخ
ryaDiat,رياضيات
ryaDa,رياضا
joghrafia,جوغرافيا
drs,درس
mti7an,متيحان
ktab,كتاب
dftar,دفتار
btida2i,بتيداأي
t3lim,تعليم
mdrasa,مدرسة
9ism,قيسم
lafak,لافاك
i3dadi,يعدادي
tanawi,تاناوي
jami3a,جاميعا
idara,يدارا
Tawila,طاويلا
flsafa,فلسافا
mawad,ماواد
3ilm,عيلم
logha,لوغا
adab,اداب
3oloum,عولوم
ktba,كتبا
jabr,جابر
8ndasa,هنداسا
l7sab,لحساب
chimi,شيمي
stilo,ستيلو
misTara,ميسطارا
chkara,شكارا
9alam,قالام
mim7at,ميمحات
3oTla,عوطلا
ta9afa,تاقافا
7iSSa,حيصا
Sf7a,صفحا
wr9a,ورقا
b7t,بحت
sou2al,سوأال
jawab,جاواب
fikra,فيكرا
7sab,حساب
Tol,طول
3rD,عرض
rtifa3,رتيفاع
3lo,علو
moDo3,موضوع
da2ira,داأيرا
7rf,حرف
klma,كلما
jomla,جوملا
faSila,فاصيلا
tjriba,تجريبا
kotla,كوتلا
7ajm,حاجم
khaTa2,خاطاأ
Sa7i7,صاحيح
m9S,مقص
rawD,راوض
takhSSoS,تخصص
ni9ach,نيقاش
t7lil,تحليل
tmrin,تمرين
min7a,مينحا
ghyab,غياب
7oDor,حوضور
za2id,زاأيد
na9iS,ناقيص
mDroub,مضروب
m9soum,مقسوم
mo3adala,موعادالا
kasr,كاسر
chakl,شاكل
zawyya,زاويا
Tibb,طيب
7aDana,حاضانا
ddirasat l3olya,ديراسات لعوليا
ma38ad,ماعهاد
bac,باك
,
t3li9,تعليق
tlfaza,تلفازا
tilifon,تيليفون
kabl,كابل
charjour,شارجور
intirnit,ينتيرنيت
odiyo,ودييو
fisbok,فيسبوك
chacha,شاشا
lizyat,ليزيات
lizikottour,ليزيكوتور
matiryal,ماتيريال
bla slk,بلا سلك
slk,سلك
batri,باتري
boton,بوتون
tilicomand,تيليكوماند
,
3a2ila,عاأيلا
bnti,بنتي
wldi,ولدي
lwalid,لواليد
lwalida,لواليدا
baba,بابا
mama,ماما
khouya,خويا
khti,ختي
3mi,عمي
3mti,عمتي
khali,خالي
khalti,خالتي
kouzan,كوزان
wld 3mi,ولد عمي
wld 3mti,ولد عمتي
wld khali,ولد خالي
wld khalti,ولد خالتي
bnt 3mi,بنت عمي
bnt 3mti,بنت عمتي
bnt khali,بنت خالي
bnt khalti,بنت خالتي
zawja,زاوجا
lmra,لمرا
zawj,زاوج
rrajl,راجل
mjwwj,مجوج
mjwwja,مجوجا
3zri,عزري
ddrari,دراري
khout,خوت
khwatat,خواتات
walidin,واليدين
khwal,خوال
3mam,عمام
7fid,حفيد
jdd,جد
jdda,جدا
nsab,نساب
,
tania,تانيا
d9i9a,دقيقا
sa3a,ساعا
yawm,ياوم
lbar7,لبارح
daba,دابا
lyom,ليوم
ghdda,غدا
wellbar7,ولبارح
b3d ghdda,بعد غدا
simana,سيمانا
ch8r,شهر
3am,عام
9rn,قرن
tnin,تنين
tlat,تلات
larb3,لاربع
lkhmis,لخميس
jm3a,جمعا
sbt,سبت
l7d,لحد
wikand,ويكاند
yanayir,يانايير
fibrayr,فيبراير
mars,مارس
abril,ابريل
may,ماي
yonyo,يونيو
yolyoz,يوليوز
ghocht,غوشت
chotanbir,شوتانبير
oktoubr,وكتوبر
nowanbir,نووانبير
dojanbir,دوجانبير
w9t,وقت
7aDir,حاضير
most9bal,موستقبال
maDi,ماضي
llarob,لاروب
o 9sem,و قسم
o 9smayn,و قسماين
o rb3,و ربع
o ness,و نس
o sb3 9sam,و سبع قسام
9ll toulout,قل تولوت
9ll 9smayn,قل قسماين
9ll 9sm,قل قسم
mn,من
lil,ليل
Sba7,صباح
3chia,عشيا
wst nhar,وست نحار
maw3id,ماوعيد
ftra,فترا
magana,ماڭانا
dima,ديما
3adatan,عاداتان
naadiran,ناديران
monasaba,موناسابا
khDra,خضرا
bsla,بسلا
maticha,ماتيشا
jelbana,جلبانا
dnjal,دنجال
gar3a,ڭارعا
mkowwr,مكوور
btata,بتاتا
khyar,خيار
khizo,خيزو
touma,توما
chiflour,شيفلور
9o9,قوق
khrchouf,خرشوف
flfla,فلفلا
fjl,فجل
loubia,لوبيا
bsbas,بسباس
khoss,خوس
lft,لفت
kbal,كبال
9zbour,قزبور
m3dnous,معدنوس
zitoun,زيتون
barba,باربا
krafS,كرافص
kourjiT,كورجيط
khDra,خضرا
dissir,ديسير
tfa7,تفاح
bou3ouid,بوعويد
friz,فريز
3nb,عنب
krmous,كرموس
limoun,ليمون
7amd,حامد
rman,رمان
dla7,دلاح
khoukh,خوخ
kiwi,كيوي
7blmlouk,حبلملوك
ananas,اناناس
mnoun,منون
swi8la,سويهلا
banan,بانان
mchmach,مشماش
mang,مانڭ
mandarine,ماندارين
tmr,تمر
br9o9,برقوق
makla,ماكلا
3ds,عدس
loubia,لوبيا
nbg,نبڭ
blloT,بلوط
llouz,لوز
n3na3,نعناع
zbib,زبيب
biD,بيض
biDa,بيضا
zbda,زبدا
khbz,خبز
mska,مسكا
skkar,سكار
ml7a,ملحا
zit,زيت
7mmS,حمص
7rira,حريرا
chlaDa,شلاضا
l7m,لحم
khmira,خميرا
3jina,عجينا
frmaj,فرماج
ch3ria,شعريا
disir,ديسير
laglas,لاڭلاس
kika,كيكا
3Tria,عطريا
gm7,ڭمح
dgig,دڭيڭ
ch3ir,شعير
9rfa,قرفا
kmmon,كمون
9ronfl,قرونفل
z3fran,زعفران
z3tr,زعتر
chrab,شراب
chchrab,ششراب
birra,بيرا
atay,اتاي
7lib,حليب
3aSir,عاصير
fTor,فطور
ghda,غدا
3cha,عشا
ma9adir,ماقادير
jo3,جوع
3Tch,عطش
rijim,ريجيم
cha8ia,شاهيا
mchwi,مشوي
m9li,مقلي
m7mmr,محمر
mgrml,مڭرمل
khDr,خضر
bnin,بنين
nachf,ناشف
7lo,حلو
7arr,حار
marr,مر
7amD,حامض
m7roug,محروڭ
lkhell,لخل
bTaTa frit,بطاطا فريت
s99aTa,سقاطا
Tajin,طاجين
Tanjia,طانجيا
bsTila,بسطيلا
m7nncha,محنشا
,
sidna,سيدنا
berlaman,برلامان
wzir,وزير
l7okoma,لحوكوما
t3nfij,تعنفيج
trbziT,تربزيط
twichia,تويشيا
l3iba,لعيبا
l3amala,لعامالا
tbl7is,تبلحيس
Tnz,طنز
z3fan,زعفان
ka3i,كاعي
l8imri,لهيمري
m9rach,مقراش
3zzi,عزي
b7alma8okdaya,بحالماهوكدايا
Tbbouzi,طبوزي
tkhrbi9,تخربيق
3zwa,عزوا
kbchlaba9ich,كبشلاباقيش
law3lm,لاوعلم
lay3miha lik,لايعميحا ليك
brbbi,بربي
awdi,اودي
awdi,اودي
bz9oul,بزقول
chwikkik,شويكيك
T8lla,طهلا
3rram,عرام
ewa,وا
fchkl,فشكل
fchkl,فشكل
gharib,غاريب
sghikkrin,سغيكرين
tfrnisa,تفرنيسا
bz9oul,بزقول
br8och,برهوش
tbznisa,تبزنيسا
t8jaj,تهجاج
9oz9oza7,قوزقوزاح
3zwa,عزوا
Saa7a,صاحا
mwrre9,مورق
3wachr,عواشر
naDi,ناضي
8nnina,هنينا
fog chchb3a,فوڭ ششبعا
dyal lmchkhara,ديال لمشخارا
chchann TTann,ششان طان
ml3ouba,ملعوبا
n7ila,نحيلا
8rrbo lia,هربو ليا
Dbber 3la,ضبر علا
khrrej 3inih,خرج عينيح
jb8a,جبها
snTi7a,سنطيحا
mrigl,مريڭل
blan,بلان
wakwakk,واكواك
makat9chcherch,ماكاتقششرش
khdama lia,خداما ليا
ifri9ia,يفريقيا
mghrib,مغريب
mrrakch,مراكش
rbaT,رباط
kaza,كازا
Tanja,طانجا
ssa3oudia,ساعوديا
9atar,قاتار
imarat,يمارات
dzair,دزاير
fransa,فرانسا
Sbania,صبانيا
brT9iz,برطقيز
bortoghal,بورتوغال
almania,المانيا
swisra,سويسرا
mirikan,مريكان
ngliz,نڭليز
bljika,بلجيكا
talyan,تاليان
misr,ميسر
touns,تونس
moritania,موريتانيا
jam3lfna,جامعلفنا
blasa,بلاسا
khariTa,خاريطا
l3alam,لعالام
sbiTar,سبيطار
filistin,فيليستين
fransawia,فرانساويا
sblyonia,سبليونيا
boSTa,بوصطا
mn,من
lkharij,لخاريج
maTar,ماطار
faDa2,فاضاأ
mrrikh,مريخ
9amar,قامار
3onwan,عونوان
mirikani,ميريكاني
finmma,فينما
llor,لور
gddam,ڭدام
mkhbaza,مخبازا
t7t,تحت
7odoud,حودود
chinwa,شينوا
chinwi,شينوي
3rbi,عربي
younan,يونان
blad,بلاد
dawla,داولا
frmasian,فرماسيان
mdina,مدينا
firma,فيرما
chr9,شرق
ghrb,غرب
chamal,شامال
janoub,جانوب
mnTa9a,منطاقا
3aSima,عاصيما
kawkab,كاوكاب
ma7TTa,ماحطا
7anout,حانوت
9aarra,قارا
chari3,شاريع
Tri9,طريق
lotorot,لوتوروت
saa7a,ساحا
9hwa,قحوا
borj,بورج
mktaba,مكتابا
otil,وتيل
klinik,كلينيك
tritwar,تريتوار
ttija8,تيجاه
limn,ليمن
lisr,ليسر
masafa,ماسافا
misa7a,ميساحا
sifara,سيفارا
malek,