howa,انا,نتا,نتي,حووا,حيا,حنا,نتوما,حوما
kla,كليت,كليتي,كليتي,كلا,كلات,كلينا,كليتو,كلاو
chreb,شربت,شربتي,شربتي,شرب,شربات,شربنا,شربتو,شربو
dkhel,دخلت,دخلتي,دخلتي,دخل,دخلات,دخلنا,دخلتو,دخلو
khrej,خرجت,خرجتي,خرجتي,خرج,خرجات,خرجنا,خرجتو,خرجو
f8em,فهمت,فهمتي,فهمتي,فهم,فهمات,فهمنا,فهمتو,فهمو
chre7,شرحت,شرحتي,شرحتي,شرح,شرحات,شرحنا,شرحتو,شرحو
9ra,قريت,قريتي,قريتي,قرا,قرات,قرينا,قريتو,قراو
9erra,قريت,قريتي,قريتي,قرا,قرات,قرينا,قريتو,قراو
sme3,سمعت,سمعتي,سمعتي,سمع,سمعات,سمعنا,سمعتو,سمعو
chaf,شفت,شفتي,شفتي,شاف,شافت,شفنا,شفتو,شافو
chm,شميت,شميتي,شميتي,شم,شمات,شمينا,شميتو,شمو
da9,دقت,دقتي,دقتي,داق,داقت,دقنا,دقتو,داقو
9as,قست,قستي,قستي,قاس,قاست,قسنا,قستو,قاسو
mcha,مشيت,مشيتي,مشيتي,مشا,مشات,مشينا,مشيتو,مشاو
ja,جيت,جيتي,جيتي,جا,جات,جينا,جيتو,جاو
tl3,تلعت,تلعتي,تلعتي,تلع,تلعات,تلعنا,تلعتو,تلعو
nzl,نزلت,نزلتي,نزلتي,نزل,نزلات,نزلنا,نزلتو,نزلو
3am,عمت,عمتي,عمتي,عام,عامت,عمنا,عمتو,عامو
ghr9,غرقت,غرقتي,غرقتي,غرق,غرقات,غرقنا,غرقتو,غرقو
lbs,لبست,لبستي,لبستي,لبس,لبسات,لبسنا,لبستو,لبسو
slt,سلت,سلتي,سلتي,سلت,سلتات,سلتنا,سلتو,سلتو
chra,شريت,شريتي,شريتي,شرا,شرات,شرينا,شريتو,شراو
ba3,بعت,بعتي,بعتي,باع,باعت,بعنا,بعتو,باعو
ttawa,تاويت,تاويتي,تاويتي,تاوا,تاوات,تاوينا,تاويتو,تاواو
ktb,كتبت,كتبتي,كتبتي,كتب,كتبات,كتبنا,كتبتو,كتبو
ms7,مسحت,مسحتي,مسحتي,مسح,مسحات,مسحنا,مسحتو,مسحو
drab,دربت,دربتي,دربتي,دراب,دربات,دربنا,دربتو,دربو
tsalm,تسالمت,تسالمتي,تسالمتي,تسالم,تسالمات,تسالمنا,تسالمتو,تسالمو
3ya,عييت,عييتي,عييتي,عيا,عيات,عيينا,عييتو,عياو
tskhskh,تسخسخت,تسخسختي,تسخسختي,تسخسخ,تسخسخات,تسخسخنا,تسخسختو,تسخسخو
D7k,ضحكت,ضحكتي,ضحكتي,ضحك,ضحكات,ضحكنا,ضحكتو,ضحكو
ghdb,غدبت,غدبتي,غدبتي,غدب,غدبات,غدبنا,غدبتو,غدبو
jab,جبت,جبتي,جبتي,جاب,جابت,جبنا,جبتو,جابو
kan,كنت,كنتي,كنتي,كان,كانت,كنا,كنتو,كانو
dar,درت,درتي,درتي,دار,دارت,درنا,درتو,دارو
gal,ڭلت,ڭلتي,ڭلتي,ڭال,ڭالت,ڭلنا,ڭلتو,ڭالو
3ndo,عندي,عندك,عندك,عندو,عندحا,عندنا,عندكوم,عندحوم
chedd,شديت,شديتي,شديتي,شد,شدات,شدينا,شديتو,شدو
fkkr,فكرت,فكرتي,فكرتي,فكر,فكرات,فكرنا,فكرتو,فكرو
ba,بيت,بيتي,بيتي,با,بات,بينا,بيتو,باو
bgha,بغيت,بغيتي,بغيتي,بغا,بغات,بغينا,بغيتو,بغاو
l9a,لقيت,لقيتي,لقيتي,لقا,لقات,لقينا,لقيتو,لقاو
3Ta,عطيت,عطيتي,عطيتي,عطا,عطات,عطينا,عطيتو,عطاو
khdm,خدمت,خدمتي,خدمتي,خدم,خدمات,خدمنا,خدمتو,خدمو
3yeT,عيطت,عيطتي,عيطتي,عيط,عيطات,عيطنا,عيطتو,عيطو
khaSSo,خاصني,خاصك,خاصك,خاصو,خاصحا,خاصنا,خاصكوم,خاصحوم
7ess,حسيت,حسيتي,حسيتي,حس,حسات,حسينا,حسيتو,حسو
wlla,وليت,وليتي,وليتي,ولا,ولات,ولينا,وليتو,ولاو
7TT,حطيت,حطيتي,حطيتي,حط,حطات,حطينا,حطيتو,حطو
3na,عنيت,عنيتي,عنيتي,عنا,عنات,عنينا,عنيتو,عناو
bda,بديت,بديتي,بديتي,بدا,بدات,بدينا,بديتو,بداو
l9a,لقيت,لقيتي,لقيتي,لقا,لقات,لقينا,لقيتو,لقاو
3jb,عجبت,عجبتي,عجبتي,عجب,عجبات,عجبنا,عجبتو,عجبو
khbr,خبرت,خبرتي,خبرتي,خبر,خبرات,خبرنا,خبرتو,خبرو
3awn,عاونت,عاونتي,عاونتي,عاون,عاونات,عاونا,عاونتو,عاونو
wjjd,وجدت,وجدتي,وجدتي,وجد,وجدات,وجدنا,وجدتو,وجدو
2amn,أامنت,أامنتي,أامنتي,أامن,أامنات,أامنا,أامنتو,أامنو
7awl,حاولت,حاولتي,حاولتي,حاول,حاولات,حاولنا,حاولتو,حاولو
jrrb,جربت,جربتي,جربتي,جرب,جربات,جربنا,جربتو,جربو
swwl,سولت,سولتي,سولتي,سول,سولات,سولنا,سولتو,سولو
tfkkr,تفكرت,تفكرتي,تفكرتي,تفكر,تفكرات,تفكرنا,تفكرتو,تفكرو
mcha,مشيت,مشيتي,مشيتي,مشا,مشات,مشينا,مشيتو,مشاو
byyen,بينت,بينتي,بينتي,بين,بينات,بينا,بينتو,بينو
l3b,لعبت,لعبتي,لعبتي,لعب,لعبات,لعبنا,لعبتو,لعبو
jra,جريت,جريتي,جريتي,جرا,جرات,جرينا,جريتو,جراو
9ra,قريت,قريتي,قريتي,قرا,قرات,قرينا,قريتو,قراو
sala,ساليت,ساليتي,ساليتي,سالا,سالات,سالينا,ساليتو,سالاو
9TT3,قطعت,قطعتي,قطعتي,قطع,قطعات,قطعنا,قطعتو,قطعو
8Dr,هضرت,هضرتي,هضرتي,هضر,هضرات,هضرنا,هضرتو,هضرو
chker,شكرت,شكرتي,شكرتي,شكر,شكرات,شكرنا,شكرتو,شكرو
bddel,بدلت,بدلتي,بدلتي,بدل,بدلات,بدلنا,بدلتو,بدلو
kmmel,كملت,كملتي,كملتي,كمل,كملات,كملنا,كملتو,كملو
ftarD,فتارضت,فتارضتي,فتارضتي,فتارض,فتارضات,فتارضنا,فتارضتو,فتارضو
tmnna,تمنيت,تمنيتي,تمنيتي,تمنا,تمنات,تمنينا,تمنيتو,تمناو
tb3,تبعت,تبعتي,تبعتي,تبع,تبعات,تبعنا,تبعتو,تبعو
9bl,قبلت,قبلتي,قبلتي,قبل,قبلات,قبلنا,قبلتو,قبلو
rfD,رفضت,رفضتي,رفضتي,رفض,رفضات,رفضنا,رفضتو,رفضو
w93,,,,وقع,وقعات,,,وقعو
gls,ڭلست,ڭلستي,ڭلستي,ڭلس,ڭلسات,ڭلسنا,ڭلستو,ڭلسو
rb7,ربحت,ربحتي,ربحتي,ربح,ربحات,ربحنا,ربحتو,ربحو
zad,زدت,زدتي,زدتي,زاد,زادت,زدنا,زدتو,زادو
t3llm,تعلمت,تعلمتي,تعلمتي,تعلم,تعلمات,تعلمنا,تعلمتو,تعلمو
tsnna,تسنيت,تسنيتي,تسنيتي,تسنا,تسنات,تسنينا,تسنيتو,تسناو
sifT,سيفطت,سيفطتي,سيفطتي,سيفط,سيفطات,سيفطنا,سيفطتو,سيفطو
ba3,بعت,بعتي,بعتي,باع,باعت,بعنا,بعتو,باعو
7ell,حليت,حليتي,حليتي,حل,حلات,حلينا,حلو,حلو
bna,بنيت,بنيتي,بنيتي,بنا,بنات,بينا,بنيتو,بناو
khtar,ختاريت,ختاريتي,ختاريتي,ختار,ختارت,ختارينا,ختاريتو,ختارو
wSl,وصلت,وصلتي,وصلتي,وصل,وصلات,وصلنا,وصلتو,وصلو
9rrer,قررت,قرتي,قرتي,قرر,قررات,قررنا,قررتو,قررو
nchT,نشطت,نشطتي,نشطتي,نشط,نشطات,نشطنا,نشطتو,نشطو
tfrrj,تفرجت,تفرجتي,تفرجتي,تفرج,تفرجات,تفرجنا,تفرجتو,تفرجو
khsr,خسرت,خسرتي,خسرتي,خسر,خسرات,خسرنا,خسرتو,خسرو
tmchcha,تمششيت,تمششيتي,تمششيتي,تمششا,تمششات,تمششينا,تمششيتو,تمششاو
kbbr,كبرت,كبرتي,كبرتي,كبر,كبرات,كبرنا,كبرتو,كبرو
tkhyyl,تخيلت,تخيلتي,تخيلتي,تخيل,تخيلات,تخيلنا,تخيلتو,تخيلو
sbbeb,سببت,سببتي,سببتي,سبب,سببات,سببنا,سببتو,سببو
8rrs,هرست,هرستي,هرستي,هرس,هرسات,هرسنا,هرستو,هرسو
sme3,سمعت,سمعتي,سمعتي,سمع,سمعات,سمعنا,سمعتو,سمعو
kbr,كبرت,كبرتي,كبرتي,كبر,كبرات,كبرنا,كبرتو,كبرو
mat,مت,متي,متي,مات,ماتت,متنا,متو,ماتو
twffa,توفيت,توفيتي,توفيتي,توفا,توفات,توفينا,توفيتو,توفاو
zar,زرت,زرتي,زرتي,زار,زارت,زرنا,زرتو,زارو
chjje3,شجعت,شجعتي,شجعتي,شجع,شجعات,شجعنا,شجعتو,شجعو
7ama,حاميت,حاميتي,حاميتي,حاما,حامات,حامينا,حاميتو,حاماو
nchr,نشرت,نشرتي,نشرتي,نشر,نشرات,نشرنا,نشرتو,نشرو
9tl,قتلت,قتلتي,قتلتي,قتل,قتلات,قتلنا,قتلتو,قتلو
sag,سڭت,سڭتي,سڭتي,ساڭ,ساڭت,سڭنا,سڭتو,ساڭو
kdb,كدبت,كدبتي,كدبتي,كدب,كدبات,كدبنا,كدبتو,كدبو
t9aj7,تقاجحت,تقاجحتي,تقاجحتي,تقاجح,تقاجحات,تقاجحنا,تقاجحتو,تقاجحو
7yyed,حيدت,حيدتي,حيدتي,حيد,حيدات,حيدنا,حيدتو,حيدو
ddabz,دابزت,دابزتي,دابزتي,دابز,دابزات,دابزنا,دابزتو,دابزو
3mmr,عمرت,عمرتي,عمرتي,عمر,عمرات,عمرنا,عمرتو,عمرو
safr,سافرت,سافرتي,سافرتي,سافر,سافرات,سافرنا,سافرتو,سافرو
7Dr,حضرت,حضرتي,حضرتي,حضر,حضرات,حضرنا,حضرتو,حضرو
9sse7,قسحت,قسحتي,قسحتي,قسح,قسحات,قسحنا,قسحتو,قسحو
3ana,عانيت,عانيتي,عانيتي,عانا,عانات,عانينا,عانيتو,عاناو
zgl,زڭلت,زڭلتي,زڭلتي,زڭل,زڭلات,زڭلنا,زڭلتو,زڭلو
l9a,لقيت,لقيتي,لقيتي,لقا,لقات,لقينا,لقيتو,لقاو
lga,لڭا,لڭات,لڭاو
3bbr,عبرت,عبرتي,عبرتي,عبر,عبرات,عبرنا,عبرتو,عبرو
rkkz,ركزت,ركزتي,ركزتي,ركز,ركزات,ركزنا,ركزتو,ركزو
la7,لحت,لحتي,لحتي,لاح,لاحت,لحنا,لحتو,لاحو
Sawb,صاوبت,صاوبتي,صاوبتي,صاوب,صاوبات,صاوبنا,صاوبتو,صاوبو
9ra,قريت,قريتي,قريتي,قرا,قرات,قرينا,قريتو,قراو
df3,دفعت,دفعتي,دفعتي,دفع,دفعات,دفعنا,دفعتو,دفعو
wrrk,وركت,وركتي,وركتي,ورك,وركات,وركنا,وركتو,وركو
wSl,وصلت,وصلتي,وصلتي,وصل,وصلات,وصلنا,وصلتو,وصلو
Sona,صونيت,صونيتي,صونيتي,صونا,صونات,صونينا,صونيتو,صوناو
jm3,جمعت,جمعتي,جمعتي,جمع,جمعات,جمعنا,جمعتو,جمعو
8rb,هربت,هربتي,هربتي,هرب,هربات,هربنا,هربتو,هربو
r77b,رحبت,رحبتي,رحبتي,رحب,رحبات,رحبنا,رحبتو,رحبو
3wwl,عولت,عولتي,عولتي,عول,عولات,عولنا,عولتو,عولو
ta9,تقت,تقتي,تقتي,تاق,تاقت,تقنا,تقتو,تاقو
3awd,عاودت,عاودتي,عاودتي,عاود,عاودات,عاودنا,عاودتو,عاودو
khTTeT,خططت,خططتي,خططتي,خطط,خططات,خططنا,خططتو,خططو
frch,فرشت,فرشتي,فرشتي,فرش,فرشات,فرشنا,فرشتو,فرشو
2kkd,أكدت,أكدتي,أكدتي,أكد,أكدات,أكدنا,أكدتو,أكدو
kr8,كرهت,كرهتي,كرهتي,كره,كرهات,كرهنا,كرهتو,كرهو
tjwwj,تجوجت,تجوجتي,تجوجتي,تجوج,تجوجات,تجوجنا,تجوجتو,تجوجو
9sm,قسمت,قسمتي,قسمتي,قسم,قسمات,قسمنا,قسمتو,قسمو
tbnna,تبنيت,تبنيتي,تبنيتي,تبنا,تبنات,تبنينا,تبنيتو,تبناو
tja8l,تجاهلت,تجاهلتي,تجاهلتي,تجاهل,تجاهلات,تجاهلنا,تجاهلتو,تجاحلو
3rrf,عرفت,عرفتي,عرتي,عرف,عرفات,عرفنا,عرفتو,عرفو
9ddm,قدمت,قدمتي,قدمتي,قدم,قدمات,قدمنا,قدمتو,قدمو
trina,ترينيت,ترينيتي,ترينيتي,ترينا,ترينات,ترينينا,ترينيتو,تريناو
br8n,برهنت,برهنتي,برهنتي,برهن,برهنات,برهنا,برهنتو,برهنو
9n3,قنعت,قنعتي,قنعتي,قنع,قنعات,قنعنا,قنعتو,قنعو
9ll3,قلعت,قلعتي,قلعتي,قلع,قلعات,قلعنا,قلعتو,قلعو
Swwt,صوت,صوتي,صوتي,صوت,صوتات,صوتنا,صوتو,صوتو
nkr,نكرت,نكرتي,نكرتي,نكر,نكرات,نكرنا,نكرتو,نكرو
khbba,خبيت,خبيتي,خبيتي,خبا,خبات,خبينا,خبيتو,خباو
nj7,نجحت,نجحتي,نجحتي,نجح,نجحات,نجحنا,نجحتو,نجحو
Tlb,طلبت,طلبتي,طلبتي,طلب,طلبات,طلبنا,طلبتو,طلبو
3tarf,عتارفت,عتارفتي,عتارفتي,عتارف,عتارفات,عتارفنا,عتارفتو,عتارفو
7sb,حسبت,حسبتي,حسبتي,حسب,حسبات,حسبنا,حسبتو,حسبو
ntama,نتاما,نتاميتي,نتاميتي,نتاما,نتامات,نتامينا,نتاميتو,نتاماو
chekk,شكيت,شكيتي,شكيتي,شك,شكات,شكينا,شكيتو,شكو
ghnna,غنيت,غنيتي,غنيتي,غنا,غنات,غنينا,غنيتو,غناو
nwa,نويت,نويتي,نويتي,نوا,نوات,نوينا,نويتو,نواو
brrer,بررت,بررتي,بررتي,برر,بررات,بررنا,بررتو,بررو
daf3,دافعت,دافعتي,دافعتي,دافع,دافعات,دافعنا,دافعتو,دافعو
z3m,زعمت,زعمتي,زعمتي,زعم,زعمات,زعمنا,زعمتو,زعمو
tsara7,تساراحت,تساراحتي,تساراحتي,تساراح,تساراحات,تساراحنا,تساراحتو,تساراحو 
7km,حكمت,حكمتي,حكمتي,حكم,حكمات,حكمنا,حكمتو,حكمو
chark,شاركت,شاركتي,شاركتي,شارك,شاركات,شاركنا,شاركتو,شاركو
ghsl,غسلت,غسلتي,غسلتي,غسل,غسلات,غسلنا,غسلتو,غسلو
la7D,لاحضت,لاحضتي,لاحضتي,لاحض,لاحضات,لاحضنا,لاحضتو,لاحضو
khddm,خدمت,خدمتي,خدمتي,خدم,خدمات,خدمنا,خدمتو,خدمو
jm3,جمعت,جمعتي,جمعتي,جمع,جمعات,جمعنا,جمعتو,جمعو
l77,لحيت,لحيتي,لحيتي,لح,لحات,لحينا,لحيتو,لحو
tla7,تلاحيت,تلاحيتي,تلاحيتي,تلاح,تلاحت,تلاحينا,تلاحيتو,تلاحو
Tyyb,طيبت,طيبتي,طيبتي,طيب,طيبات,طيبنا,طيبتو,طيبو
bka,بكات,بكيتي,بكيتي,بكا,بكات,بكينا,بكيتو,بكاو
n3s,نعست,نعستي,نعستي,نعس,نعسات,نعسنا,نعستو,نعسو
fa9,فقت,فقتي,فقتي,فاق,فاقت,فقنا,فقتو,فاقو
jm3,جمعت,جمعتي,جمعتي,جمع,جمعات,جمعنا,جمعتو,جمعو
nsa7b,نساحبت,نساحبتي,نساحبتي,نساحب,نساحبات,نساحبنا,نساحبتو,نساحبو
7ll,حليت,حليتي,حليتي,حل,حلات,حلينا,حليتو,حلو
khbr,خبرت,خبرتي,خبرتي,خبر,خبرات,خبرنا,خبرتو,خبرو
stalzem,ستالزمت,ستالزمتي,ستالزمتي,ستالزم,ستالزمات,ستالزمنا,ستالزمتو,ستالزمو
tsllf,تسلفت,تسلفتي,تسلفتي,تسلف,تسلفات,تسلفنا,تسلفتو,تسلفو
swwl,سولت,سولتي,سولتي,سول,سولات,سولنا,سولتو,سولو
khaTr,خاطرت,خاطرتي,خاطرتي,خاطر,خاطرات,خاطرنا,خاطرتو,خاطرو
sm7,سمحت,سمحتي,سمحتي,سمح,سمحات,سمحنا,سمحتو,سمحو
sam7,سامحت,سامحتي,سامحتي,سامح,سامحات,سامحنا,سامحتو,سامحو
9tar7,قتارحت,قتارحتي,قتارحتي,قتارح,قتارحات,قتارحنا,قتارحتو,قتارحو
7tafl,حتافلت,حتافلتي,حتافلتي,حتافل,حتافلات,حتافلنا,حتافلتو,حتافلو
Dyy3,ضيعت,ضيعتي,ضيعتي,ضيع,ضيعات,ضيعنا,ضيعتو,ضيعو
ghbr,غبرت,غبرتي,غبرتي,غبر,غبرات,غبرنا,غبرتو,غبرو
tw993,توقعت,توقعتي,توقعتي,توقع,توقعات,توقعنا,توقعتو,توقعو
ngr,نڭرت,نڭرتي,نڭرتي,نڭر,نڭرات,نڭرنا,نڭرتو,نڭرو
9bT,قبطت,قبطتي,قبطتي,قبط,قبطات,قبطنا,قبطتو,قبطو
gbD,ڭبضت,ڭبضتي,ڭبضتي,ڭبض,ڭبضات,ڭبضنا,ڭبضتو,ڭبضو
naD,نضت,نضتي,نضتي,ناض,ناضت,نضنا,نضتو,ناضو
daz,دزت,دزتي,دزتي,داز,دازت,دزنا,دزتو,دازو
7bes,حبست,حبستي,حبستي,حبس,حبسات,حبسنا,حبستو,حبسو
9yyd,قيدت,قيدتي,قيدتي,قيد,قيدات,قيدنا,قيدتو,قيدو
wllf,ولفت,ولفتي,ولفتي,ولف,ولفات,ولفنا,ولفتو,ولفو
khllT,خلطت,خلطتي,خلطتي,خلط,خلطات,خلطنا,خلطتو,خلطو
gyyd,ڭيدت,ڭيدتي,ڭيدتي,ڭيد,ڭيدات,ڭيدنا,ڭيدتو,ڭيدو
7rg,حرڭت,حرڭتي,حرڭتي,حرڭ,حرڭات,حرڭنا,حرڭتو,حرڭو
7r9,حرقت,حرقتي,حرقتي,حرق,حرقات,حرقنا,حرقتو,حرقو
staghl,ستاغليت,ستاغليتي,ستاغليتي,ستاغل,ستاغلات,ستاغلينا,ستاغليتو,ستاغلو
kma,كميت,كميتي,كميتي,كما,كمات,كمينا,كميتو,كماو
7ddr,حدرت,حدرتي,حدرتي,حدر,حدرات,حدرنا,حدرتو,حدرو
baas,بست,بستي,بستي,باس,باست,بسنا,بستو,باسو
3ln,علنت,علنتي,علنتي,علن,علنات,علنا,علنتو,علنو
khtabr,ختابرت,ختابرتي,ختابرتي,ختابر,ختابرات,ختابرنا,ختابرتو,ختابرو
tnffs,تنفست,تنفستي,تنفستي,تنفس,تنفسات,تنفسنا,تنفستو,تنفسو
fat,فت,فتي,فتي,فات,فاتت,فتنا,فتو,فاتو
Saad9,صادقت,صادقتي,صادقتي,صادق,صادقات,صادقنا,صادقتو,صادقو
7tell,حتليت,حتليتي,حتليتي,حتل,حتلات,حتلينا,حتليتو,حتلو
7arrar,حارارت,حارارتي,حارارتي,حارار,حارارات,حارارنا,حارارتو,حارارو
btasm,بتاسمت,بتاسمتي,بتاسمتي,بتاسم,بتاسمات,بتاسمنا,بتاسمتو,بتاسمو
7fr,حفرت,حفرتي,حفرتي,حفر,حفرات,حفرنا,حفرتو,حفرو
7tarm,حتارمت,حتارمتي,حتارمتي,حتارم,حتارمات,حتارمنا,حتارمتو,حتارمو
8dded,هددت,هددتي,هددتي,هدد,هددات,هددنا,هددتو,هددو
lgha,لغيت,لغيتي,لغيتي,لغا,لغات,لغينا,لغيتو,لغاو
khzn,خزنت,خزنتي,خزنتي,خزن,خزنات,خزنا,خزنتو,خزنو
nDDm,نضمت,نضمتي,نضمتي,نضم,نضمات,نضمنا,نضمتو,نضمو
nwwr,نورت,نورتي,نورتي,نور,نورات,نورنا,نورتو,نورو
7lf,حلفت,حلفتي,حلفتي,حلف,حلفات,حلفنا,حلفتو,حلفو
7lm,حلمت,حلمتي,حلمتي,حلم,حلمات,حلمنا,حلمتو,حلمو
SrT,صرطت,صرطتي,صرطتي,صرط,صرطات,صرطنا,صرطتو,صرطو
bloka,بلوكيت,بلوكيتي,بلوكيتي,بلوكا,بلوكات,بلوكينا,بلوكيتو,بلوكاو
stab9,ستابقت,ستابقتي,ستابقتي,ستابق,ستابقات,ستابقنا,ستابقتو,ستابقو
tta8m,تاهمت,تاهمتي,تاهمتي,تاهم,تاهمات,تاهمنا,تاهمتو,تاهمو
ghwwt,غوت,غوتي,غوتي,غوت,غوتات,غوتنا,غوتو,غوتو
2ttr,أترت,أترتي,أترتي,أتر,أترات,أترنا,أترتو,أترو
rttb,رتبت,رتبتي,رتبتي,رتب,رتبات,رتبنا,رتبتو,رتبو
3ta9l,عتاقلت,عتاقلتي,عتاقلتي,عتاقل,عتاقلات,عتاقلنا,عتاقلتو,عتاقلو
nb7,نبحت,نبحتي,نبحتي,نبح,نبحات,نبحنا,نبحتو,نبحو
khan,خنت,خنتي,خنتي,خان,خانت,خنا,خنتو,خانو
t7aTT,تحاطيت,تحاطيتي,تحاطيتي,تحاط,تحاطات,تحاطينا,تحاطيتو,تحاطو
khtalf,ختالفت,ختالفتي,ختالفتي,ختالف,ختالفات,ختالفنا,ختالفتو,ختالفو
7tafD,حتافضت,حتافضتي,حتافضتي,حتافض,حتافضات,حتافضنا,حتافضتو,حتافضو
Tar,طرت,طرتي,طرتي,طار,طارت,طرنا,طرتو,طارو
jrr,جريت,جريتي,جريتي,جر,جرات,جرينا,جريتو,جرو
df3,دفعت,دفعتي,دفعتي,دفع,دفعات,دفعنا,دفعتو,دفعو
8zz,هزيت,هزيتي,هزيتي,هز,هزات,هزينا,هزيتو,هزو
rj3,رجعت,رجعتي,رجعتي,رجع,رجعات,رجعنا,رجعتو,رجعو
Ta7,طحت,طحتي,طحتي,طاح,طاحت,طحنا,طحتو,طاحو
3rf,عرفت,عرفتي,عرفتي,عرف,عرفات,عرفنا,عرفتو,عرفو
nsa,نسيت,نسيتي,نسيتي,نسا,نسات,نسينا,نسيتو,نساو
wSf,وصفت,وصفتي,وصفتي,وصف,وصفات,وصفنا,وصفتو,وصفو
trjm,ترجمت,ترجمتي,ترجمتي,ترجم,ترجمات,ترجمنا,ترجمتو,ترجمو
w3ed,وعدت,وعدتي,وعدتي,وعد,وعدات,وعدنا,وعدتو,وعدو
9llb,قلبت,قلبتي,قلبتي,قلب,قلبات,قلبنا,قلبتو,قلبو
7bb,حبيت,حبيتي,حبيتي,حب,حبات,حبينا,حبيتو,حبو
3ach,عشت,عشتي,عشتي,عاش,عاشت,عشنا,عشتو,عاشو
skn,سكنت,سكنتي,سكنتي,سكن,سكنات,سكنا,سكنتو,سكنو
khllS,خلصت,خلصتي,خلصتي,خلص,خلصات,خلصنا,خلصتو,خلصو
sdd,سديت,سديتي,سديتي,سد,سدات,سدينا,سديتو,سدو
w9f,وقفت,وقفتي,وقفتي,وقف,وقفات,وقفنا,وقفتو,وقفو
stkhdm,ستخدمت,ستخدمتي,ستخدمتي,ستخدم,ستخدمات,ستخدمنا,ستخدمتو,ستخدمو
stalm,ستالمت,ستالمتي,ستالمتي,ستالم,ستالمات,ستالمنا,ستالمتو,ستالمو
fchl,فشلت,فشلتي,فشلتي,فشل,فشلات,فشلنا,فشلتو,فشلو
sbb,سبيت,سبيتي,سبيتي,سب,سبات,سبينا,سبيتو,سبو
chka,شكيت,شكيتي,شكيتي,شكا,شكات,شكينا,شكيتو,شكاو
fD7,فضحت,فضحتي,فضحتي,فضح,فضحات,فضحنا,فضحتو,فضحو
3tadr,عتادرت,عتادرتي,عتادرتي,عتادر,عتادرات,عتادرنا,عتادرتو,عتادرو
3nng,عنڭت,عنڭتي,عنڭتي,عنڭ,عنڭات,عنڭنا,عنڭتو,عنڭو
ndm,ندمت,ندمتي,ندمتي,ندم,ندمات,ندمنا,ندمتو,ندمو
t3wwd,تعودت,تعودتي,تعودتي,تعود,تعودات,تعودنا,تعودتو,تعودو
3Ts,عطست,عطستي,عطستي,عطس,عطسات,عطسنا,عطستو,عطسو
k7ob,كحوبت,كحوبتي,كحوبتي,كحوب,كحبات,كحوبنا,كحبتو,كحبو
2ejjel,أجلت,أجلتي,أجلتي,أجل,أجلات,أجلنا,أجلتو,أجلو
t3awn,تعاونت,تعاونتي,تعاونتي,تعاون,تعاونات,تعاونا,تعاونتو,تعاونو
tbadl,تبادلت,تبادلتي,تبادلتي,تبادل,تبادلات,تبادلنا,تبادلتو,تبادلو
9aaT3,قاطعت,قاطعتي,قاطعتي,قاطع,قاطعات,قاطعنا,قاطعتو,قاطعو
tTwwe3,تطوعت,تطوعتي,تطوعتي,تطوع,تطوعات,تطوعنا,تطوعتو,تطوعو
9oulb,قولبت,قولبتي,قولبتي,قولب,قولبات,قولبنا,قولبتو,قولبو
tjnnb,تجنبت,تجنبتي,تجنبتي,تجنب,تجنبات,تجنبنا,تجنبتو,تجنبو
8ml,هملت,هملتي,هملتي,همل,هملات,هملنا,هملتو,هملو
tla9a,تلاقيت,تلاقيتي,تلاقيتي,تلاقا,تلاقات,تلاقينا,تلاقيتو,تلاقاو
tjsses,تجسست,تجسستي,تجسستي,تجسس,تجسسات,تجسسنا,تجسستو,تجسسو
nta9m,نتاقمت,نتاقمتي,نتاقمتي,نتاقم,نتاقمات,نتاقمنا,نتاقمتو,نتاقمو
dfn,دفنت,دفنتي,دفنتي,دفن,دفنات,دفنا,دفنتو,دفنو
ghlb,غلبت,غلبتي,غلبتي,غلب,غلبات,غلبنا,غلبتو,غلبو
kan,كنت,كنتي,كنتي,كان,كانت,كنا,كنتو,كانو
9der,قدرت,قدرتي,قدرتي,قدر,قدرات,قدرنا,قدرتو,قدرو
khsso,خسني,خسك,خسك,خسو,خسحا,خسنا,خسكوم,خسحوم
khda,خديت,خديتي,خديتي,خدا,خدات,خدينا,خديتو,خداو
7TT,حطيت,حطيتي,حطيتي,حط,حطات,حطينا,حطيتو,حطو
khlla,خليت,خليتي,خليتي,خلا,خلات,خلينا,خليتو,خلاو
3Ta,عطيت,عطيتي,عطيتي,عطا,عطات,عطينا,عطيتو,عطاو
ban,بنت,بنتي,بنتي,بان,بانت,بنا,بنتو,بانو
tDmmen,تضمنت,تضمنتي,تضمنتي,تضمن,تضمنات,تضمنا,تضمنتو,تضمنو
t7rrek,تحركت,تحركتي,تحركتي,تحرك,تحركات,تحركنا,تحركتو,تحركو
Dar,ضرت,ضرتي,ضرتي,ضار,ضارت,ضرنا,ضرتو,ضارو
3tabr,عتابرت,عتابرتي,عتابرتي,عتابر,عتابرات,عتابرنا,عتابرتو,عتابرو
khlla,خليت,خليتي,خليتي,خلا,خلات,خلينا,خليتو,خلاو
tmenna,تمنيت,تمنيتي,تمنيتي,تمنا,تمنات,تمنينا,تمنيتو,تمناو
ntej,نتجت,نتجتي,نتجتي,نتج,نتجات,نتجنا,نتجتو,نتجو
b9a,بقيت,بقيتي,بقيتي,بقا,بقات,بقينا,بقيتو,بقاو
chdd,شديت,شديتي,شديتي,شد,شدات,شدينا,شديتو,شدو
to99e3,توقعت,توقعتي,توقعتي,توقع,توقعات,توقعنا,توقعتو,توقعو
Dmen,ضمنت,ضمنتي,ضمنتي,ضمن,ضمنات,ضمنا,ضمنتو,ضمنو
8ezz,هزيت,هزيتي,هزيتي,هز,هزات,هزينا,هزيتو,هزو
3reD,عرضت,عرضتي,عرضتي,عرض,عرضات,عرضنا,عرضتو,عرضو
d3em,دعمت,دعمتي,دعمتي,دعم,دعمات,دعمنا,دعمتو,دعمو
hDer,حضرت,حضرتي,حضرتي,حضر,حضرات,حضرنا,حضرتو,حضرو
9aad,قاديت,قاديتي,قاديتي,قاد,قادات,قادينا,قاديتو,قادو
b9a,بقيت,بقيتي,بقيتي,بقا,بقات,بقينا,بقيتو,بقاو
w9ef,وقفت,وقفتي,وقفتي,وقف,وقفات,وقفنا,وقفتو,وقفو
wgef,وڭفت,وڭفتي,وڭفتي,وڭف,وڭفات,وڭفنا,وڭفتو,وڭفو
9tar7,قتارحت,قتارحتي,قتارحتي,قتارح,قتارحات,قتارحنا,قتارحتو,قتارحو
Twwer,طورت,طورتي,طورتي,طور,طورات,طورنا,طورتو,طورو
gles,ڭلست,ڭلستي,ڭلستي,ڭلس,ڭلسات,ڭلسنا,ڭلستو,ڭلسو
gadd,ڭاديت,ڭاديتي,ڭاديتي,ڭاد,ڭادات,ڭادينا,ڭاديتو,ڭادو
Sawb,صاوبت,صاوبتي,صاوبتي,صاوب,صاوبات,صاوبنا,صاوبتو,صاوبو
ttaf9,تافقت,تافقتي,تافقتي,تافق,تافقات,تافقنا,تافقتو,تافقو
Tbbe9,طبقت,طبقتي,طبقتي,طبق,طبقات,طبقنا,طبقتو,طبقو
kowwen,كوونت,كوونتي,كوونتي,كوون,كوونات,كوونا,كوونتو,كوونو
3bber,عبرت,عبرتي,عبرتي,عبر,عبرات,عبرنا,عبرتو,عبرو
Dyye3,ضيعت,ضيعتي,ضيعتي,ضيع,ضيعات,ضيعنا,ضيعتو,ضيعو
lta79,لتاحقت,لتاحقتي,لتاحقتي,لتاحق,لتاحقات,لتاحقنا,لتاحقتو,لتاحقو
n99eS,نقصت,نقصتي,نقصتي,نقص,نقصات,نقصنا,نقصتو,نقصو
n9ed,نقدت,نقدتي,نقدتي,نقد,نقدات,نقدنا,نقدتو,نقدو
tTelleb,تطلبت,تطلبتي,تطلبتي,تطلب,تطلبات,تطلبنا,تطلبتو,تطلبو
799e9,حققت,حققتي,حققتي,حقق,حققات,حققنا,حققتو,حققو
t3amel,تعاملت,تعاملتي,تعاملتي,تعامل,تعاملات,تعاملنا,تعاملتو,تعاملو
twaj8,تواجهت,تواجهتي,تواجهتي,تواجه,تواجهات,تواجهنا,تواجهتو,تواجهو
ghTTa,غطات,غطاتي,غطاتي,غطا,غطات,غطانا,غطاتو,غطاو
Twwer,طورت,طورتي,طورتي,طور,طورات,طورنا,طورتو,طورو
maal,ملت,ملتي,ملتي,مال,مالت,ملنا,ملتو,مالو
rsem,رسمت,رسمتي,رسمتي,رسم,رسمات,رسمنا,رسمتو,رسمو
t7errek,تحركت,تحركتي,تحركتي,تحرك,تحركات,تحركنا,تحركتو,تحركو
3zel,عزلت,عزلتي,عزلتي,عزل,عزلات,عزلنا,عزلتو,عزلو
kllef,كلفت,كلفتي,كلفتي,كلف,كلفات,كلفنا,كلفتو,كلفو
br8en,برهنت,برهنتي,برهنتي,برهن,برهنات,برهنا,برهنتو,برهنو
w9e3,وقعت,وقعتي,وقعتي,وقع,وقعات,وقعنا,وقعتو,وقعو
tna9ch,تناقشت,تناقشتي,تناقشتي,تناقش,تناقشات,تناقشنا,تناقشتو,تناقشو
gabl,ڭابلت,ڭابلتي,ڭابلتي,ڭابل,ڭابلات,ڭابلنا,ڭابلتو,ڭابلو
sala,سالات,سالاتي,سالاتي,سالا,سالات,سالانا,سالاتو,سالاو
kayn,كاين,كاين,كاينا,كاين,كاينا,كاينين,كاينين,كاينين
9Sed,قصدت,قصدتي,قصدتي,قصد,قصدات,قصدنا,قصدتو,قصدو
9lleb,قلبت,قلبتي,قلبتي,قلب,قلبات,قلبنا,قلبتو,قلبو
nfe3,نفعت,نفعتي,نفعتي,نفع,نفعات,نفعنا,نفعتو,نفعو
9sem,قسمت,قسمتي,قسمتي,قسم,قسمات,قسمنا,قسمتو,قسمو
partaja
nche2,نشأت,نشأتي,نشأتي,نشأ,نشأات,نشأنا,نشأتو,نشأو
2esses,أسست,أسستي,أسستي,أسس,أسسات,أسسنا,أسستو,أسسو
t7kkem,تحكمت,تحكمتي,تحكمتي,تحكم,تحكمات,تحكمنا,تحكمتو,تحكمو
jawb,جاوبت,جاوبتي,جاوبتي,جاوب,جاوبات,جاوبنا,جاوبتو,جاوبو
7edded,حددت,حددتي,حددتي,حدد,حددات,حددنا,حددتو,حددو
3tana,عتانيت,عتانيتي,عتانيتي,عتانا,عتانات,عتانينا,عتانيتو,عتاناو
mkken,مكنت,مكنتي,مكنتي,مكن,مكنات,مكنا,مكنتو,مكنو
Taalb,طالبت,طالبتي,طالبتي,طالب,طالبات,طالبنا,طالبتو,طالبو
kseb,كسبت,كسبتي,كسبتي,كسب,كسبات,كسبنا,كسبتو,كسبو
mttel,متلت,متلتي,متلتي,متل,متلات,متلنا,متلتو,متلو
tDemmen,تضمنت,تضمنتي,تضمنتي,تضمن,تضمنات,تضمنا,تضمنتو,تضمنو
ghleb,غلبت,غلبتي,غلبتي,غلب,غلبات,غلبنا,غلبتو,غلبو
tchTen,تشطنت,تشطنتي,تشطنتي,تشطن,تشطنات,تشطنا,تشطنتو,تشطنو
t7mmel,تحملت,تحملتي,تحملتي,تحمل,تحملات,تحملنا,تحملتو,تحملو
sedd,سديت,سديتي,سديتي,سد,سدات,سدينا,سديتو,سدو
tsa2el,تساألت,تساألتي,تساألتي,تساأل,تساألات,تساألنا,تساألتو,تساألو
naaseb,ناسبت,ناسبتي,ناسبتي,ناسب,ناسبات,ناسبنا,ناسبتو,ناسبو
t3elle9,تعلقت,تعلقتي,تعلقتي,تعلق,تعلقات,تعلقنا,تعلقتو,تعلقو
7eTT,حطيت,حطيتي,حطيتي,حط,حطات,حطينا,حطيتو,حطو
chmel,شملت,شملتي,شملتي,شمل,شملات,شملنا,شملتو,شملو
ttaSel,تاصلت,تاصلتي,تاصلتي,تاصل,تاصلات,تاصلنا,تاصلتو,تاصلو
khdem,خدمت,خدمتي,خدمتي,خدم,خدمات,خدمنا,خدمتو,خدمو
tSerref,تصرفت,تصرفتي,تصرفتي,تصرف,تصرفات,تصرفنا,تصرفتو,تصرفو
t2e9lem,تأقلمت,تأقلمتي,تأقلمتي,تأقلم,تأقلمات,تأقلمنا,تأقلمتو,تأقلمو
rbe7,ربحت,ربحتي,ربحتي,ربح,ربحات,ربحنا,ربحتو,ربحو
f7eS,فحصت,فحصتي,فحصتي,فحص,فحصات,فحصنا,فحصتو,فحصو
redd,رديت,رديتي,رديتي,رد,ردات,ردينا,رديتو,ردو
3tamd,عتامدت,عتامدتي,عتامدتي,عتامد,عتامدات,عتامدنا,عتامدتو,عتامدو
nja,نجيت,نجيتي,نجيتي,نجا,نجات,نجينا,نجيتو,نجاو
kemmel,كملت,كملتي,كملتي,كمل,كملات,كملنا,كملتو,كملو
rtaf3,رتافعت,رتافعتي,رتافعتي,رتافع,رتافعات,رتافعنا,رتافعتو,رتافعو
9ddem,قدمت,قدمتي,قدمتي,قدم,قدمات,قدمنا,قدمتو,قدمو
rowwej,رووجت,رووجتي,رووجتي,رووج,رووجات,رووجنا,رووجتو,رووجو
chejje3,شجعت,شجعتي,شجعتي,شجع,شجعات,شجعنا,شجعتو,شجعو
2edda,أديت,أديتي,أديتي,أدا,أدات,أدينا,أديتو,أداو
medded,مددت,مددتي,مددتي,مدد,مددات,مددنا,مددتو,مددو
khtalef,ختالفت,ختالفتي,ختالفتي,ختالف,ختالفات,ختالفنا,ختالفتو,ختالفو
fad,فدت,فدتي,فدتي,فاد,فادت,فدنا,فدتو,فادو
3elle9,علقت,علقتي,علقتي,علق,علقات,علقنا,علقتو,علقو
Tyye7,طيحت,طيحتي,طيحتي,طيح,طيحات,طيحنا,طيحتو,طيحو
bellegh,بلغت,بلغتي,بلغتي,بلغ,بلحات,بلحنا,بلحتو,بلحو
Sbb,صبيت,صبيتي,صبيتي,صب,صبات,صبينا,صبيتو,صبو
khtaber,ختابرت,ختابرتي,ختابرتي,ختابر,ختابرات,ختابرنا,ختابرتو,ختابرو
2emmen,أمنت,أمنتي,أمنتي,أمن,أمنات,أمنا,أمنتو,أمنو
Towwel,طوولت,طوولتي,طوولتي,طوول,طوولات,طوولنا,طوولتو,طوولو
waaf9,وافقت,وافقتي,وافقتي,وافق,وافقات,وافقنا,وافقتو,وافقو
saa8em,ساهمت,ساهمتي,ساهمتي,ساهم,ساهمات,ساهمنا,ساهمتو,ساهمو
medd,مديت,مديتي,مديتي,مد,مدات,مدينا,مديتو,مدو
rtabeT,رتابطت,رتابطتي,رتابطتي,رتابط,رتابطات,رتابطنا,رتابطتو,رتابطو
tghelleb,تغلبت,تغلبتي,تغلبتي,تغلب,تغلبات,تغلبنا,تغلبتو,تغلبو
tkhelleS,تخلصت,تخلصتي,تخلصتي,تخلص,تخلصات,تخلصنا,تخلصتو,تخلصو
7awel,حاولت,حاولتي,حاولتي,حاول,حاولات,حاولنا,حاولتو,حاولو
tkellef,تكلفت,تكلفتي,تكلفتي,تكلف,تكلفات,تكلفنا,تكلفتو,تكلفو
jdeb,جدبت,جدبتي,جدبتي,جدب,جدبات,جدبنا,جدبتو,جدبو
saa3d,ساعدت,ساعدتي,ساعدتي,ساعد,ساعدات,ساعدنا,ساعدتو,ساعدو
3awen,عاونت,عاونتي,عاونتي,عاون,عاونات,عاونا,عاونتو,عاونو
2etter,أترت,أترتي,أترتي,أتر,أترات,أترنا,أترتو,أترو
jerreb,جربت,جربتي,جربتي,جرب,جربات,جربنا,جربتو,جربو
fkker,فكرت,فكرتي,فكرتي,فكر,فكرات,فكرنا,فكرتو,فكرو
sina,سينيت,سينيتي,سينيتي,سينا,سينات,سينينا,سينيتو,سيناو
khaf,خفت,خفتي,خفتي,خاف,خافت,خفنا,خفتو,خافو
lSe9,لصقت,لصقتي,لصقتي,لصق,لصقات,لصقنا,لصقتو,لصقو
swwa,سويت,سويتي,سويتي,سوا,سوات,سوينا,سويتو,سواو
rigl,ريڭلت,ريڭلتي,ريڭلتي,ريڭل,ريڭلات,ريڭلنا,ريڭلتو,ريڭلو
9aaren,قارنت,قارنتي,قارنتي,قارن,قارنات,قارنا,قارنتو,قارنو
7seb,حسبت,حسبتي,حسبتي,حسب,حسبات,حسبنا,حسبتو,حسبو
7e99e9,حققت,حققتي,حققتي,حقق,حققات,حققنا,حققتو,حققو
n99a,نقيت,نقيتي,نقيتي,نقا,نقات,نقينا,نقيتو,نقاو
sjjel,سجلت,سجلتي,سجلتي,سجل,سجلات,سجلنا,سجلتو,سجلو
chjjel,شجلت,شجلتي,شجلتي,شجل,شجلات,شجلنا,شجلتو,شجلو
ktachf,كتاشفت,كتاشفتي,كتاشفتي,كتاشف,كتاشفات,كتاشفنا,كتاشفتو,كتاشفو
laam,لمت,لمتي,لمتي,لام,لامت,لمنا,لمتو,لامو
3a9,عقت,عقتي,عقتي,عاق,عاقت,عقنا,عقتو,عاقو
wSSel,وصلت,وصلتي,وصلتي,وصل,وصلات,وصلنا,وصلتو,وصلو
chre3,شرعت,شرعتي,شرعتي,شرع,شرعات,شرعنا,شرعتو,شرعو
brzeT,برزطت,برزطتي,برزطتي,برزط,برزطات,برزطنا,برزطتو,برزطو
freD,فرضت,فرضتي,فرضتي,فرض,فرضات,فرضنا,فرضتو,فرضو
3ta9ed,عتاقدت,عتاقدتي,عتاقدتي,عتاقد,عتاقدات,عتاقدنا,عتاقدتو,عتاقدو
3zem,عزمت,عزمتي,عزمتي,عزم,عزمات,عزمنا,عزمتو,عزمو
nSe7,نصحت,نصحتي,نصحتي,نصح,نصحات,نصحنا,نصحتو,نصحو
ktaseb,كتاسبت,كتاسبتي,كتاسبتي,كتاسب,كتاسبات,كتاسبنا,كتاسبتو,كتاسبو
strje3,سترجعت,سترجعتي,سترجعتي,سترجع,سترجعات,سترجعنا,سترجعتو,سترجعو
tmiyyez,تمييزت,تمييزتي,تمييزتي,تمييز,تمييزات,تمييزنا,تمييزتو,تمييزو
chtabe8,شتابهت,شتابهتي,شتابهتي,شتابه,شتابهات,شتابهنا,شتابهتو,شتابهو
mowwel,موولت,موولتي,موولتي,موول,موولات,موولنا,موولتو,موولو
8dem,هدمت,هدمتي,هدمتي,هدم,هدمات,هدمنا,هدمتو,هدمو
rDa,رضيت,رضيتي,رضيتي,رضا,رضات,رضينا,رضيتو,رضاو
tnafs,تنافست,تنافستي,تنافستي,تنافس,تنافسات,تنافسنا,تنافستو,تنافسو
9aawem,قاومت,قاومتي,قاومتي,قاوم,قاومات,قاومنا,قاومتو,قاومو
laa2em,لاأمت,لاأمتي,لاأمتي,لاأم,لاأمات,لاأمنا,لاأمتو,لاأمو
khaaTeb,خاطبت,خاطبتي,خاطبتي,خاطب,خاطبات,خاطبنا,خاطبتو,خاطبو
naachd,ناشدت,ناشدتي,ناشدتي,ناشد,ناشدات,ناشدنا,ناشدتو,ناشدو
Tle9,طلقت,طلقتي,طلقتي,طلق,طلقات,طلقنا,طلقتو,طلقو
frez,فرزت,فرزتي,فرزتي,فرز,فرزات,فرزنا,فرزتو,فرزو
wSSa,وصيت,وصيتي,وصيتي,وصا,وصات,وصينا,وصيتو,وصاو
2amer,أامرت,أامرتي,أامرتي,أامر,أامرات,أامرنا,أامرتو,أامرو
8jem,هجمت,هجمتي,هجمتي,هجم,هجمات,هجمنا,هجمتو,هجمو
twesse3,توسعت,توسعتي,توسعتي,توسع,توسعات,توسعنا,توسعتو,توسعو
tkerkeb,تكركبت,تكركبتي,تكركبتي,تكركب,تكركبات,تكركبنا,تكركبتو,تكركبو
nfajer,نفاجرت,نفاجرتي,نفاجرتي,نفاجر,نفاجرات,نفاجرنا,نفاجرتو,نفاجرو
t3e88ed,تعهدت,تعهدتي,تعهدتي,تعهد,تعهدات,تعهدنا,تعهدتو,تعهدو
dkker,دكرت,دكرتي,دكرتي,دكر,دكرات,دكرنا,دكرتو,دكرو
fekker,فكرت,فكرتي,فكرتي,فكر,فكرات,فكرنا,فكرتو,فكرو
n8ej,نهجت,نهجتي,نهجتي,نهج,نهجات,نهجنا,نهجتو,نهجو
rejje3,رجعت,رجعتي,رجعتي,رجع,رجعات,رجعنا,رجعتو,رجعو
Sder,صدرت,صدرتي,صدرتي,صدر,صدرات,صدرنا,صدرتو,صدرو
Sag,صڭت,صڭتي,صڭتي,صاڭ,صاڭت,صڭنا,صڭتو,صاڭو
gleb,ڭلبت,ڭلبتي,ڭلبتي,ڭلب,ڭلبات,ڭلبنا,ڭلبتو,ڭلبو
stetmer,ستتمرت,ستتمرتي,ستتمرتي,ستتمر,ستتمرات,ستتمرنا,ستتمرتو,ستتمرو
khTa,خطيت,خطيتي,خطيتي,خطا,خطات,خطينا,خطيتو,خطاو
weDDe7,وضحت,وضحتي,وضحتي,وضح,وضحات,وضحنا,وضحتو,وضحو
mlek,ملكت,ملكتي,ملكتي,ملك,ملكات,ملكنا,ملكتو,ملكو
t7edda,تحدات,تحداتي,تحداتي,تحدا,تحدات,تحدانا,تحداتو,تحداو
7aawer,حاورت,حاورتي,حاورتي,حاور,حاورات,حاورنا,حاورتو,حاورو
tselle9,تسلقت,تسلقتي,تسلقتي,تسلق,تسلقات,تسلقنا,تسلقتو,تسلقو
fSel,فصلت,فصلتي,فصلتي,فصل,فصلات,فصلنا,فصلتو,فصلو
7aafD,حافضت,حافضتي,حافضتي,حافض,حافضات,حافضنا,حافضتو,حافضو
7wwel,حولت,حولتي,حولتي,حول,حولات,حولنا,حولتو,حولو
a9arr,اقارت,اقارتي,اقارتي,اقار,اقارات,اقارنا,اقارتو,اقارو
stentej,ستنتجت,ستنتجتي,ستنتجتي,ستنتج,ستنتجات,ستنتجنا,ستنتجتو,ستنتجو
tira,تيريت,تيريتي,تيريتي,تيرا,تيرات,تيرينا,تيريتو,تيراو
7essen,حسنت,حسنتي,حسنتي,حسن,حسنات,حسنا,حسنتو,حسنو
ra9b,راقبت,راقبتي,راقبتي,راقب,راقبات,راقبنا,راقبتو,راقبو
charja,شارجيت,شارجيتي,شارجيتي,شارجا,شارجات,شارجينا,شارجيتو,شارجاو
b7et,بحت,بحتي,بحتي,بحت,بحتات,بحتنا,بحتو,بحتو
stow3eb,ستووعبت,ستووعبتي,ستووعبتي,ستووعب,ستووعبات,ستووعبنا,ستووعبتو,ستووعبو
chTe7,شطحت,شطحتي,شطحتي,شطح,شطحات,شطحنا,شطحتو,شطحو
Slla,صليت,صليتي,صليتي,صلا,صلات,صلينا,صليتو,صلاو
marka,ماركيت,ماركيتي,ماركيتي,ماركا,ماركات,ماركينا,ماركيتو,ماركاو
zle9,زلقت,زلقتي,زلقتي,زلق,زلقات,زلقنا,زلقتو,زلقو
rtakb,رتاكبت,رتاكبتي,رتاكبتي,رتاكب,رتاكبات,رتاكبنا,رتاكبتو,رتاكبو
steb3ed,ستبعدت,ستبعدتي,ستبعدتي,ستبعد,ستبعدات,ستبعدنا,ستبعدتو,ستبعدو
3der,عدرت,عدرتي,عدرتي,عدر,عدرات,عدرنا,عدرتو,عدرو
fsser,فسرت,فسرتي,فسرتي,فسر,فسرات,فسرنا,فسرتو,فسرو
laa9a,لاقيت,لاقيتي,لاقيتي,لاقا,لاقات,لاقينا,لاقيتو,لاقاو
tfawD,تفاوضت,تفاوضتي,تفاوضتي,تفاوض,تفاوضات,تفاوضنا,تفاوضتو,تفاوضو
7ellel,حللت,حللتي,حللتي,حلل,حللات,حللنا,حللتو,حللو
smma,سميت,سميتي,سميتي,سما,سمات,سمينا,سميتو,سماو
mtedd,متديت,متديتي,متديتي,متد,متدات,متدينا,متديتو,متدو
t9elle9,تقلقت,تقلقتي,تقلقتي,تقلق,تقلقات,تقلقنا,تقلقتو,تقلقو
2e88el,أهلت,أهلتي,أهلتي,أهل,أهلات,أهلنا,أهلتو,أهلو
khsser,خسرت,خسرتي,خسرتي,خسر,خسرات,خسرنا,خسرتو,خسرو
Sbegh,صبغت,صبغتي,صبغتي,صبغ,صبحات,صبحنا,صبحتو,صبحو
mne7,منحت,منحتي,منحتي,منح,منحات,منحنا,منحتو,منحو
sellef,سلفت,سلفتي,سلفتي,سلف,سلفات,سلفنا,سلفتو,سلفو
tfa3l,تفاعلت,تفاعلتي,تفاعلتي,تفاعل,تفاعلات,تفاعلنا,تفاعلتو,تفاعلو
sta7e99,ستاحقيت,ستاحقيتي,ستاحقيتي,ستاحق,ستاحقات,ستاحقينا,ستاحقيتو,ستاحقو
tre22es,ترأست,ترأستي,ترأستي,ترأس,ترأسات,ترأسنا,ترأستو,ترأسو
wjje8,وجهت,وجهتي,وجهتي,وجه,وجهات,وجهنا,وجهتو,وجهو
8beT,هبطت,هبطتي,هبطتي,هبط,هبطات,هبطنا,هبطتو,هبطو
tkebbed,تكبدت,تكبدتي,تكبدتي,تكبد,تكبدات,تكبدنا,تكبدتو,تكبدو
tkowwen,تكوونت,تكوونتي,تكوونتي,تكوون,تكوونات,تكوونا,تكوونتو,تكوونو
3SSef,عصفت,عصفتي,عصفتي,عصف,عصفات,عصفنا,عصفتو,عصفو
rched,رشدت,رشدتي,رشدتي,رشد,رشدات,رشدنا,رشدتو,رشدو
9ne3,قنعت,قنعتي,قنعتي,قنع,قنعات,قنعنا,قنعتو,قنعو
maars,مارست,مارستي,مارستي,مارس,مارسات,مارسنا,مارستو,مارسو
do99,دوقيت,دوقيتي,دوقيتي,دوق,دوقات,دوقينا,دوقيتو,دوقو
tkhella,تخليت,تخليتي,تخليتي,تخلا,تخلات,تخلينا,تخليتو,تخلاو
jaweb,جاوبت,جاوبتي,جاوبتي,جاوب,جاوبات,جاوبنا,جاوبتو,جاوبو
tDaa8er,تضاهرت,تضاهرتي,تضاهرتي,تضاهر,تضاهرات,تضاهرنا,تضاهرتو,تضاهرو
chawer,شاورت,شاورتي,شاورتي,شاور,شاورات,شاورنا,شاورتو,شاورو
nkhareT,نخارطت,نخارطتي,نخارطتي,نخارط,نخارطات,نخارطنا,نخارطتو,نخارطو
7kem,حكمت,حكمتي,حكمتي,حكم,حكمات,حكمنا,حكمتو,حكمو
3aalj,عالجت,عالجتي,عالجتي,عالج,عالجات,عالجنا,عالجتو,عالجو
jessed,جسدت,جسدتي,جسدتي,جسد,جسدات,جسدنا,جسدتو,جسدو
7Ser,حصرت,حصرتي,حصرتي,حصر,حصرات,حصرنا,حصرتو,حصرو
zowwel,زوولت,زوولتي,زوولتي,زوول,زوولات,زوولنا,زوولتو,زوولو
7owwel,حوولت,حوولتي,حوولتي,حوول,حوولات,حوولنا,حوولتو,حوولو
t9a3d,تقاعدت,تقاعدتي,تقاعدتي,تقاعد,تقاعدات,تقاعدنا,تقاعدتو,تقاعدو
DbeT,ضبطت,ضبطتي,ضبطتي,ضبط,ضبطات,ضبطنا,ضبطتو,ضبطو
s88el,سهلت,سهلتي,سهلتي,سهل,سهلات,سهلنا,سهلتو,سهلو
kobb,كوبيت,كوبيتي,كوبيتي,كوب,كوبات,كوبينا,كوبيتو,كوبو
Sebb,صبيت,صبيتي,صبيتي,صب,صبات,صبينا,صبيتو,صبو
nsej,نسجت,نسجتي,نسجتي,نسج,نسجات,نسجنا,نسجتو,نسجو
Trassa,طراسيت,طراسيتي,طراسيتي,طراسا,طراسات,طراسينا,طراسيتو,طراساو
sejjel,سجلت,سجلتي,سجلتي,سجل,سجلات,سجلنا,سجلتو,سجلو
7ffez,حفزت,حفزتي,حفزتي,حفز,حفزات,حفزنا,حفزتو,حفزو
Tbe3,طبعت,طبعتي,طبعتي,طبع,طبعات,طبعنا,طبعتو,طبعو
imprima
twetter,توترت,توترتي,توترتي,توتر,توترات,توترنا,توترتو,توترو
3yyen,عينت,عينتي,عينتي,عين,عينات,عينا,عينتو,عينو
tdkhkhel,تدخخلت,تدخخلتي,تدخخلتي,تدخخل,تدخخلات,تدخخلنا,تدخخلتو,تدخخلو
3tarD,عتارضت,عتارضتي,عتارضتي,عتارض,عتارضات,عتارضنا,عتارضتو,عتارضو
9wwa,قويت,قويتي,قويتي,قوا,قوات,قوينا,قويتو,قواو
dfe3,دفعت,دفعتي,دفعتي,دفع,دفعات,دفعنا,دفعتو,دفعو
ysser,يسرت,يسرتي,يسرتي,يسر,يسرات,يسرنا,يسرتو,يسرو
7taj,حتاجت,حتاجتي,حتاجتي,حتاج,حتاجات,حتاجنا,حتاجتو,حتاجو
3god,عڭدت,عڭدتي,عڭدتي,عڭود,عڭدات,عڭدنا,عڭدتو,عڭدو
9tabs,قتابست,قتابستي,قتابستي,قتابس,قتابسات,قتابسنا,قتابستو,قتابسو
syTer,سيطرت,سيطرتي,سيطرتي,سيطر,سيطرات,سيطرنا,سيطرتو,سيطرو
3jeb,عجبت,عجبتي,عجبتي,عجب,عجبات,عجبنا,عجبتو,عجبو
Semmem,صممت,صممتي,صممتي,صمم,صممات,صممنا,صممتو,صممو
Tlle3,طلعت,طلعتي,طلعتي,طلع,طلعات,طلعنا,طلعتو,طلعو
sta9al,ستاقاليت,ستاقاليتي,ستاقاليتي,ستاقال,ستاقالت,ستاقلنا,ستاقلتو,ستاقالو
t8ejja,تهجيت,تهجيتي,تهجيتي,تهجا,تهجات,تهجينا,تهجيتو,تهجاو
7errek,حركت,حركتي,حركتي,حرك,حركات,حركنا,حركتو,حركو
9dder,قدرت,قدرتي,قدرتي,قدر,قدرات,قدرنا,قدرتو,قدرو
Dreb,ضربت,ضربتي,ضربتي,ضرب,ضربات,ضربنا,ضربتو,ضربو
rkel,ركلت,ركلتي,ركلتي,ركل,ركلات,ركلنا,ركلتو,ركلو
3dded,عددت,عددتي,عددتي,عدد,عددات,عددنا,عددتو,عددو
lbes,لبست,لبستي,لبستي,لبس,لبسات,لبسنا,لبستو,لبسو
diklara,ديكلاريت,ديكلاريتي,ديكلاريتي,ديكلارا,ديكلارات,ديكلارينا,ديكلاريتو,ديكلاراو
2ekked,أكدت,أكدتي,أكدتي,أكد,أكدات,أكدنا,أكدتو,أكدو
stamdd,ستامديت,ستامديتي,ستامديتي,ستامد,ستامدات,ستامدينا,ستامديتو,ستامدو
wDDe7,وضحت,وضحتي,وضحتي,وضح,وضحات,وضحنا,وضحتو,وضحو
nsekh,نسخت,نسختي,نسختي,نسخ,نسخات,نسخنا,نسختو,نسخو
fDDel,فضلت,فضلتي,فضلتي,فضل,فضلات,فضلنا,فضلتو,فضلو
9beT,قبطت,قبطتي,قبطتي,قبط,قبطات,قبطنا,قبطتو,قبطو
3zzez,عززت,عززتي,عززتي,عزز,عززات,عززنا,عززتو,عززو
fhem,فحمت,فحمتي,فحمتي,فحم,فحمات,فحمنا,فحمتو,فحمو
ghaader,غادرت,غادرتي,غادرتي,غادر,غادرات,غادرنا,غادرتو,غادرو
raaf9,رافقت,رافقتي,رافقتي,رافق,رافقات,رافقنا,رافقتو,رافقو
S77e7,صححت,صححتي,صححتي,صحح,صححات,صححنا,صححتو,صححو
3owweD,عووضت,عووضتي,عووضتي,عووض,عووضات,عووضنا,عووضتو,عووضو
sre9,سرقت,سرقتي,سرقتي,سرق,سرقات,سرقنا,سرقتو,سرقو
chfer,شفرت,شفرتي,شفرتي,شفر,شفرات,شفرنا,شفرتو,شفرو
9owweD,قووضت,قووضتي,قووضتي,قووض,قووضات,قووضنا,قووضتو,قووضو
3aareD,عارضت,عارضتي,عارضتي,عارض,عارضات,عارضنا,عارضتو,عارضو
zreb,زربت,زربتي,زربتي,زرب,زربات,زربنا,زربتو,زربو
ncher,نشرت,نشرتي,نشرتي,نشر,نشرات,نشرنا,نشرتو,نشرو
miza,ميزيت,ميزيتي,ميزيتي,ميزا,ميزات,ميزينا,ميزيتو,ميزاو
Dowwa,ضوويت,ضوويتي,ضوويتي,ضووا,ضووات,ضووينا,ضوويتو,ضوواو
tbaT2,تباطأت,تباطأتي,تباطأتي,تباطأ,تباطأات,تباطأنا,تباطأتو,تباطأو
rfeD,رفضت,رفضتي,رفضتي,رفض,رفضات,رفضنا,رفضتو,رفضو
rkkez,ركزت,ركزتي,ركزتي,ركز,ركزات,ركزنا,ركزتو,ركزو
Taabe9,طابقت,طابقتي,طابقتي,طابق,طابقات,طابقنا,طابقتو,طابقو
zrreb,زربت,زربتي,زربتي,زرب,زربات,زربنا,زربتو,زربو
ghre9,غرقت,غرقتي,غرقتي,غرق,غرقات,غرقنا,غرقتو,غرقو
ntaz3,نتازعت,نتازعتي,نتازعتي,نتازع,نتازعات,نتازعنا,نتازعتو,نتازعو
kalma,كالميت,كالميتي,كالميتي,كالما,كالمات,كالمينا,كالميتو,كالماو
7tejj,حتجيت,حتجيتي,حتجيتي,حتج,حتجات,حتجينا,حتجيتو,حتجو
waazen,وازنت,وازنتي,وازنتي,وازن,وازنات,وازنا,وازنتو,وازنو
tbbet,تبت,تبتي,تبتي,تبت,تبتات,تبتنا,تبتو,تبتو
Towwer,طوورت,طوورتي,طوورتي,طوور,طوورات,طوورنا,طوورتو,طوورو
Tred,طردت,طردتي,طردتي,طرد,طردات,طردنا,طردتو,طردو
tdffe9,تدفقت,تدفقتي,تدفقتي,تدفق,تدفقات,تدفقنا,تدفقتو,تدفقو
jerr,جريت,جريتي,جريتي,جر,جرات,جرينا,جريتو,جرو
tTaab9,تطابقت,تطابقتي,تطابقتي,تطابق,تطابقات,تطابقنا,تطابقتو,تطابقو
chkkel,شكلت,شكلتي,شكلتي,شكل,شكلات,شكلنا,شكلتو,شكلو
tt3jeb,تعجبت,تعجبتي,تعجبتي,تعجب,تعجبات,تعجبنا,تعجبتو,تعجبو
khffef,خففت,خففتي,خففتي,خفف,خففات,خففنا,خففتو,خففو
3kes,عكست,عكستي,عكستي,عكس,عكسات,عكسنا,عكستو,عكسو
ndamj,ندامجت,ندامجتي,ندامجتي,ندامج,ندامجات,ندامجنا,ندامجتو,ندامجو
mattaf9ch,ماتافقتش,ماتافقتيش,ماتافقتيش,ماتافقش,ماتافقاتش,ماتافقناش,ماتافقتوش,ماتافقوش
7iyyen,حيينت,حيينتي,حيينتي,حيين,حيينات,حيينا,حيينتو,حيينو
ghiyyer,غييرت,غييرتي,غييرتي,غيير,غييرات,غييرنا,غييرتو,غييرو
amer,امرت,امرتي,امرتي,امر,امرات,امرنا,امرتو,امرو
mtatel,متاتلت,متاتلتي,متاتلتي,متاتل,متاتلات,متاتلنا,متاتلتو,متاتلو
stkhrej,ستخرجت,ستخرجتي,ستخرجتي,ستخرج,ستخرجات,ستخرجنا,ستخرجتو,ستخرجو
3aarD,عارضت,عارضتي,عارضتي,عارض,عارضات,عارضنا,عارضتو,عارضو
ste2nef,ستأنفت,ستأنفتي,ستأنفتي,ستأنف,ستأنفات,ستأنفنا,ستأنفتو,ستأنفو
tze3lel,تزعللت,تزعللتي,تزعللتي,تزعلل,تزعلات,تزعلنا,تزعلتو,تزعلو
sllem,سلمت,سلمتي,سلمتي,سلم,سلمات,سلمنا,سلمتو,سلمو
waaj8,واجهت,واجهتي,واجهتي,واجه,واجهات,واجهنا,واجهتو,واجهو
Doubl,ضوبلت,ضوبلتي,ضوبلتي,ضوبل,ضوبلات,ضوبلنا,ضوبلتو,ضوبلو
chtamel,شتاملت,شتاملتي,شتاملتي,شتامل,شتاملات,شتاملنا,شتاملتو,شتاملو
ch8ed,شهدت,شهدتي,شهدتي,شهد,شهدات,شهدنا,شهدتو,شهدو
ghres,غرست,غرستي,غرستي,غرس,غرسات,غرسنا,غرستو,غرسو
jzem,جزمت,جزمتي,جزمتي,جزم,جزمات,جزمنا,جزمتو,جزمو
kchef,كشفت,كشفتي,كشفتي,كشف,كشفات,كشفنا,كشفتو,كشفو
3Ser,عصرت,عصرتي,عصرتي,عصر,عصرات,عصرنا,عصرتو,عصرو
bjegh,بجغت,بجغتي,بجغتي,بجغ,بجغات,بجغنا,بجغتو,بجغو
rbeT,ربطت,ربطتي,ربطتي,ربط,ربطات,ربطنا,ربطتو,ربطو
Derr,ضريت,ضريتي,ضريتي,ضر,ضرات,ضرينا,ضريتو,ضرو
2aada,أاديت,أاديتي,أاديتي,أادا,أادات,أادينا,أاديتو,أاداو
Tleb,طلبت,طلبتي,طلبتي,طلب,طلبات,طلبنا,طلبتو,طلبو
3aana,عانات,عاناتي,عاناتي,عانا,عانات,عانانا,عاناتو,عاناو
khddem,خدمت,خدمتي,خدمتي,خدم,خدمات,خدمنا,خدمتو,خدمو
t3awen,تعاونت,تعاونتي,تعاونتي,تعاون,تعاونات,تعاونا,تعاونتو,تعاونو
sre7,سرحت,سرحتي,سرحتي,سرح,سرحات,سرحنا,سرحتو,سرحو
chdded,شددت,شددتي,شددتي,شدد,شددات,شددنا,شددتو,شددو
3ber,عبرت,عبرتي,عبرتي,عبر,عبرات,عبرنا,عبرتو,عبرو
wzen,وزنت,وزنتي,وزنتي,وزن,وزنات,وزنا,وزنتو,وزنو
tzaamn,تزامنت,تزامنتي,تزامنتي,تزامن,تزامنات,تزامنا,تزامنتو,تزامنو
7na,حنيت,حنيتي,حنيتي,حنا,حنات,حنينا,حنيتو,حناو
nDDem,نضمت,نضمتي,نضمتي,نضم,نضمات,نضمنا,نضمتو,نضمو
rffe8,رفهت,رفهتي,رفهتي,رفه,رفهات,رفهنا,رفهتو,رفهو
twe99e3,توقعت,توقعتي,توقعتي,توقع,توقعات,توقعنا,توقعتو,توقعو
Sdder,صدرت,صدرتي,صدرتي,صدر,صدرات,صدرنا,صدرتو,صدرو
le77,لحيت,لحيتي,لحيتي,لح,لحات,لحينا,لحيتو,لحو
skhkhen,سخخنت,سخخنتي,سخخنتي,سخخن,سخخنات,سخخنا,سخخنتو,سخخنو
dffa,دفيت,دفيتي,دفيتي,دفا,دفات,دفينا,دفيتو,دفاو
sme7,سمحت,سمحتي,سمحتي,سمح,سمحات,سمحنا,سمحتو,سمحو
Tmmer,طمرت,طمرتي,طمرتي,طمر,طمرات,طمرنا,طمرتو,طمرو
khDe3,خضعت,خضعتي,خضعتي,خضع,خضعات,خضعنا,خضعتو,خضعو
b8er,بهرت,بهرتي,بهرتي,بهر,بهرات,بهرنا,بهرتو,بهرو
nkhafD,نخافضت,نخافضتي,نخافضتي,نخافض,نخافضات,نخافضنا,نخافضتو,نخافضو
frek,فركت,فركتي,فركتي,فرك,فركات,فركنا,فركتو,فركو
wkkel,وكلت,وكلتي,وكلتي,وكل,وكلات,وكلنا,وكلتو,وكلو
wzze3,وزعت,وزعتي,وزعتي,وزع,وزعات,وزعنا,وزعتو,وزعو
khlleS,خلصت,خلصتي,خلصتي,خلص,خلصات,خلصنا,خلصتو,خلصو
rjje3,رجعت,رجعتي,رجعتي,رجع,رجعات,رجعنا,رجعتو,رجعو
sta3aad,ستاعدت,ستاعدتي,ستاعدتي,ستاعاد,ستاعادات,ستاعدنا,ستاعدتو,ستاعدو
9ellel,قللت,قللتي,قللتي,قلل,قللات,قللنا,قللتو,قللو
w99ef,وقفت,وقفتي,وقفتي,وقف,وقفات,وقفنا,وقفتو,وقفو
z3ej,زعجت,زعجتي,زعجتي,زعج,زعجات,زعجنا,زعجتو,زعجو
3eDD,عضيت,عضيتي,عضيتي,عض,عضات,عضينا,عضيتو,عضو
t9ddem,تقدمت,تقدمتي,تقدمتي,تقدم,تقدمات,تقدمنا,تقدمتو,تقدمو
kerres,كرست,كرستي,كرستي,كرس,كرسات,كرسنا,كرستو,كرسو
stafzz,ستافزيت,ستافزيتي,ستافزيتي,ستافز,ستافزات,ستافزينا,ستافزيتو,ستافزو
Tem2en,طمأنت,طمأنتي,طمأنتي,طمأن,طمأنات,طمأنا,طمأنتو,طمأنو
t2emmel,تأملت,تأملتي,تأملتي,تأمل,تأملات,تأملنا,تأملتو,تأملو
7dder,حدرت,حدرتي,حدرتي,حدر,حدرات,حدرنا,حدرتو,حدرو
tfa3el,تفاعلت,تفاعلتي,تفاعلتي,تفاعل,تفاعلات,تفاعلنا,تفاعلتو,تفاعلو
btaker,بتاكرت,بتاكرتي,بتاكرتي,بتاكر,بتاكرات,بتاكرنا,بتاكرتو,بتاكرو
3aan9,عانقت,عانقتي,عانقتي,عانق,عانقات,عانقنا,عانقتو,عانقو
3zza,عزيت,عزيتي,عزيتي,عزا,عزات,عزينا,عزيتو,عزاو
dowweb,دووبت,دووبتي,دووبتي,دووب,دووبات,دووبنا,دووبتو,دووبو
ttekka,تكات,تكاتي,تكاتي,تكا,تكات,تكانا,تكاتو,تكاو
7tars,حتارست,حتارستي,حتارستي,حتارس,حتارسات,حتارسنا,حتارستو,حتارسو
tchab8,تشابهت,تشابهتي,تشابهتي,تشابه,تشابهات,تشابهنا,تشابهتو,تشابهو
tjowwej,تجووجت,تجووجتي,تجووجتي,تجووج,تجووجات,تجووجنا,تجووجتو,تجووجو
8rres,هرست,هرستي,هرستي,هرس,هرسات,هرسنا,هرستو,هرسو
9me3,قمعت,قمعتي,قمعتي,قمع,قمعات,قمعنا,قمعتو,قمعو
faje2,فاجأت,فاجأتي,فاجأتي,فاجأ,فاجأات,فاجأنا,فاجأتو,فاجأو
tredded,ترددت,ترددتي,ترددتي,تردد,ترددات,ترددنا,ترددتو,ترددو
ch7en,شحنت,شحنتي,شحنتي,شحن,شحنات,شحنا,شحنتو,شحنو
sreT,سرطت,سرطتي,سرطتي,سرط,سرطات,سرطنا,سرطتو,سرطو
Tfaa,طفيت,طفيتي,طفيتي,طفا,طفاات,طفينا,طفيتو,طفاو
t7ekkem,تحكمت,تحكمتي,تحكمتي,تحكم,تحكمات,تحكمنا,تحكمتو,تحكمو
rde3,ردعت,ردعتي,ردعتي,ردع,ردعات,ردعنا,ردعتو,ردعو
9tel,قتلت,قتلتي,قتلتي,قتل,قتلات,قتلنا,قتلتو,قتلو
taabr,تابرت,تابرتي,تابرتي,تابر,تابرات,تابرنا,تابرتو,تابرو
7eyya,حييت,حييتي,حييتي,حيا,حيات,حيينا,حييتو,حياو
dmme3,دمعت,دمعتي,دمعتي,دمع,دمعات,دمعنا,دمعتو,دمعو
Taared,طاردت,طاردتي,طاردتي,طارد,طاردات,طاردنا,طاردتو,طاردو
fsed,فسدت,فسدتي,فسدتي,فسد,فسدات,فسدنا,فسدتو,فسدو
sTTer,سطرت,سطرتي,سطرتي,سطر,سطرات,سطرنا,سطرتو,سطرو
baark,باركت,باركتي,باركتي,بارك,باركات,باركنا,باركتو,باركو
khtar9,ختارقت,ختارقتي,ختارقتي,ختارق,ختارقات,ختارقنا,ختارقتو,ختارقو
Daa3ef,ضاعفت,ضاعفتي,ضاعفتي,ضاعف,ضاعفات,ضاعفنا,ضاعفتو,ضاعفو
dmej,دمجت,دمجتي,دمجتي,دمج,دمجات,دمجنا,دمجتو,دمجو
derreb,دربت,دربتي,دربتي,درب,دربات,دربنا,دربتو,دربو
jeff,جفيت,جفيتي,جفيتي,جف,جفات,جفينا,جفيتو,جفو
stenzef,ستنزفت,ستنزفتي,ستنزفتي,ستنزف,ستنزفات,ستنزفنا,ستنزفتو,ستنزفو
kfa,كفيت,كفيتي,كفيتي,كفا,كفات,كفينا,كفيتو,كفاو
t9dda,تقديت,تقديتي,تقديتي,تقدا,تقدات,تقدينا,تقديتو,تقداو
tsab9,تسابقت,تسابقتي,تسابقتي,تسابق,تسابقات,تسابقنا,تسابقتو,تسابقو
chrref,شرفت,شرفتي,شرفتي,شرف,شرفات,شرفنا,شرفتو,شرفو
jemmed,جمدت,جمدتي,جمدتي,جمد,جمدات,جمدنا,جمدتو,جمدو
daawa,داويت,داويتي,داويتي,داوا,داوات,داوينا,داويتو,داواو
3alj,عالجت,عالجتي,عالجتي,عالج,عالجات,عالجنا,عالجتو,عالجو
tbadel,تبادلت,تبادلتي,تبادلتي,تبادل,تبادلات,تبادلنا,تبادلتو,تبادلو
Taard,طاردت,طاردتي,طاردتي,طارد,طاردات,طاردنا,طاردتو,طاردو
ste8lek,ستهلكت,ستهلكتي,ستهلكتي,ستهلك,ستهلكات,ستهلكنا,ستهلكتو,ستهلكو
khcha,خشيت,خشيتي,خشيتي,خشا,خشات,خشينا,خشيتو,خشاو
tsenna,تسنيت,تسنيتي,تسنيتي,تسنا,تسنات,تسنينا,تسنيتو,تسناو
njarf,نجارفت,نجارفتي,نجارفتي,نجارف,نجارفات,نجارفنا,نجارفتو,نجارفو
steslem,ستسلمت,ستسلمتي,ستسلمتي,ستسلم,ستسلمات,ستسلمنا,ستسلمتو,ستسلمو
ziyyer,زييرت,زييرتي,زييرتي,زيير,زييرات,زييرنا,زييرتو,زييرو
9elleS,قلصت,قلصتي,قلصتي,قلص,قلصات,قلصنا,قلصتو,قلصو
miyyez,مييزت,مييزتي,مييزتي,مييز,مييزات,مييزنا,مييزتو,مييزو
3len,علنت,علنتي,علنتي,علن,علنات,علنا,علنتو,علنو
Saal7,صالحت,صالحتي,صالحتي,صالح,صالحات,صالحنا,صالحتو,صالحو
tSowwer,تصوورت,تصوورتي,تصوورتي,تصوور,تصوورات,تصوورنا,تصوورتو,تصوورو
nsse9,نسقت,نسقتي,نسقتي,نسق,نسقات,نسقنا,نسقتو,نسقو
l3en,لعنت,لعنتي,لعنتي,لعن,لعنات,لعنا,لعنتو,لعنو
Teyyeb,طيبت,طيبتي,طيبتي,طيب,طيبات,طيبنا,طيبتو,طيبو
Twa,طويت,طويتي,طويتي,طوا,طوات,طوينا,طويتو,طواو
tnazl,تنازلت,تنازلتي,تنازلتي,تنازل,تنازلات,تنازلنا,تنازلتو,تنازلو
jdded,جددت,جددتي,جددتي,جدد,جددات,جددنا,جددتو,جددو
Saagh,صغت,صغتي,صغتي,صاغ,صاغت,صغنا,صغتو,صغو
khelleT,خلطت,خلطتي,خلطتي,خلط,خلطات,خلطنا,خلطتو,خلطو
7edd,حديت,حديتي,حديتي,حد,حدات,حدينا,حديتو,حدو
mse7,مسحت,مسحتي,مسحتي,مسح,مسحات,مسحنا,مسحتو,مسحو
wjjeh,وجحت,وجحتي,وجحتي,وجح,وجحات,وجحنا,وجحتو,وجحو
tsa8el,تساهلت,تساهلتي,تساهلتي,تساهل,تساهلات,تساهلنا,تساهلتو,تساهلو
khffeD,خفضت,خفضتي,خفضتي,خفض,خفضات,خفضنا,خفضتو,خفضو
7jez,حجزت,حجزتي,حجزتي,حجز,حجزات,حجزنا,حجزتو,حجزو
rezerva
st9bel,ستقبلت,ستقبلتي,ستقبلتي,ستقبل,ستقبلات,ستقبلنا,ستقبلتو,ستقبلو
tTowwer,تطوورت,تطوورتي,تطوورتي,تطوور,تطوورات,تطوورنا,تطوورتو,تطوورو
r3a,رعيت,رعيتي,رعيتي,رعا,رعات,رعينا,رعيتو,رعاو
3ggez,عڭزت,عڭزتي,عڭزتي,عڭز,عڭزات,عڭزنا,عڭزتو,عڭزو
Towwe9,طووقت,طووقتي,طووقتي,طووق,طووقات,طووقنا,طووقتو,طووقو
khSSeS,خصصت,خصصتي,خصصتي,خصص,خصصات,خصصنا,خصصتو,خصصو
chref,شرفت,شرفتي,شرفتي,شرف,شرفات,شرفنا,شرفتو,شرفو
tlacha,تلاشيت,تلاشيتي,تلاشيتي,تلاشا,تلاشات,تلاشينا,تلاشيتو,تلاشاو
Sle7,صلحت,صلحتي,صلحتي,صلح,صلحات,صلحنا,صلحتو,صلحو
3a9b,عاقبت,عاقبتي,عاقبتي,عاقب,عاقبات,عاقبنا,عاقبتو,عاقبو
frg3,فرڭعت,فرڭعتي,فرڭعتي,فرڭع,فرڭعات,فرڭعنا,فرڭعتو,فرڭعو
st3reD,ستعرضت,ستعرضتي,ستعرضتي,ستعرض,ستعرضات,ستعرضنا,ستعرضتو,ستعرضو
saad,سدت,سدتي,سدتي,ساد,سادت,سدنا,سدتو,سادو
n99ez,نقزت,نقزتي,نقزتي,نقز,نقزات,نقزنا,نقزتو,نقزو
lwa,لويت,لويتي,لويتي,لوا,لوات,لوينا,لويتو,لواو
tfa8em,تفاهمت,تفاهمتي,تفاهمتي,تفاهم,تفاهمات,تفاهمنا,تفاهمتو,تفاهمو
raab,ربت,ربتي,ربتي,راب,رابت,ربنا,ربتو,رابو
7ma,حميت,حميتي,حميتي,حما,حمات,حمينا,حميتو,حماو
mne3,منعت,منعتي,منعتي,منع,منعات,منعنا,منعتو,منعو
ghowwet,غووت,غووتي,غووتي,غووت,غووتات,غووتنا,غووتو,غووتو
twa3d,تواعدت,تواعدتي,تواعدتي,تواعد,تواعدات,تواعدنا,تواعدتو,تواعدو
kre8,كرهت,كرهتي,كرهتي,كره,كرهات,كرهنا,كرهتو,كرهو
mla,مليت,مليتي,مليتي,ملا,ملات,ملينا,مليتو,ملاو
w77ed,وحدت,وحدتي,وحدتي,وحد,وحدات,وحدنا,وحدتو,وحدو
stowred,ستووردت,ستووردتي,ستووردتي,ستوورد,ستووردات,ستووردنا,ستووردتو,ستووردو
zda8er,زداهرت,زداهرتي,زداهرتي,زداهر,زداهرات,زداهرنا,زداهرتو,زداهرو
nta9ed,نتاقدت,نتاقدتي,نتاقدتي,نتاقد,نتاقدات,نتاقدنا,نتاقدتو,نتاقدو
Tiyyeb,طييبت,طييبتي,طييبتي,طييب,طييبات,طييبنا,طييبتو,طييبو
ghla,غليت,غليتي,غليتي,غلا,غلات,غلينا,غليتو,غلاو
8reb,هربت,هربتي,هربتي,هرب,هربات,هربنا,هربتو,هربو
mde7,مدحت,مدحتي,مدحتي,مدح,مدحات,مدحنا,مدحتو,مدحو
blaSa,بلاصيت,بلاصيتي,بلاصيتي,بلاصا,بلاصات,بلاصينا,بلاصيتو,بلاصاو
tbe3,تبعت,تبعتي,تبعتي,تبع,تبعات,تبعنا,تبعتو,تبعو
9aabel,قابلت,قابلتي,قابلتي,قابل,قابلات,قابلنا,قابلتو,قابلو
chedded,شددت,شددتي,شددتي,شدد,شددات,شددنا,شددتو,شددو
lowwen,لوونت,لوونتي,لوونتي,لوون,لوونات,لوونا,لوونتو,لوونو
ghaamer,غامرت,غامرتي,غامرتي,غامر,غامرات,غامرنا,غامرتو,غامرو
khemmen,خمنت,خمنتي,خمنتي,خمن,خمنات,خمنا,خمنتو,خمنو
9edder,قدرت,قدرتي,قدرتي,قدر,قدرات,قدرنا,قدرتو,قدرو
ghader,غادرت,غادرتي,غادرتي,غادر,غادرات,غادرنا,غادرتو,غادرو
9aaTe3,قاطعت,قاطعتي,قاطعتي,قاطع,قاطعات,قاطعنا,قاطعتو,قاطعو
mowwe8,مووهت,مووهتي,مووهتي,مووه,مووهات,مووهنا,مووهتو,مووهو
ntakheb,نتاخبت,نتاخبتي,نتاخبتي,نتاخب,نتاخبات,نتاخبنا,نتاخبتو,نتاخبو
t7emmel,تحملت,تحملتي,تحملتي,تحمل,تحملات,تحملنا,تحملتو,تحملو
kbe7,كبحت,كبحتي,كبحتي,كبح,كبحات,كبحنا,كبحتو,كبحو
nma,نميت,نميتي,نميتي,نما,نمات,نمينا,نميتو,نماو
3awed,عاودت,عاودتي,عاودتي,عاود,عاودات,عاودنا,عاودتو,عاودو
n7arf,نحارفت,نحارفتي,نحارفتي,نحارف,نحارفات,نحارفنا,نحارفتو,نحارفو
9la,قليت,قليتي,قليتي,قلا,قلات,قلينا,قليتو,قلاو
dab,دبت,دبتي,دبتي,داب,دابت,دبنا,دبتو,دابو
3ddel,عدلت,عدلتي,عدلتي,عدل,عدلات,عدلنا,عدلتو,عدلو
jmme3,جمعت,جمعتي,جمعتي,جمع,جمعات,جمعنا,جمعتو,جمعو
khrreb,خربت,خربتي,خربتي,خرب,خربات,خربنا,خربتو,خربو
srre3,سرعت,سرعتي,سرعتي,سرع,سرعات,سرعنا,سرعتو,سرعو
tSower,تصوورت,تصوورتي,تصوورتي,تصوور,تصوورات,تصوورنا,تصوورتو,تصوورو
8enne2,هنأت,هنأتي,هنأتي,هنأ,هنأات,هنأنا,هنأتو,هنأو
staredd,ستارديت,ستارديتي,ستارديتي,ستارد,ستاردات,ستاردينا,ستارديتو,ستاردو
8beT,هبطت,هبطتي,هبطتي,هبط,هبطات,هبطنا,هبطتو,هبطو
wggef,وڭفت,وڭفتي,وڭفتي,وڭف,وڭفات,وڭفنا,وڭفتو,وڭفو
jrreb,جربت,جربتي,جربتي,جرب,جربات,جربنا,جربتو,جربو
khle3,خلعت,خلعتي,خلعتي,خلع,خلعات,خلعنا,خلعتو,خلعو
9oulb,قولبت,قولبتي,قولبتي,قولب,قولبات,قولبنا,قولبتو,قولبو
l8am,لهمت,لهمتي,لهمتي,لهام,لهمات,لهمنا,لهمتو,لهمو
chaafa,شافيت,شافيتي,شافيتي,شافا,شافات,شافينا,شافيتو,شافاو
DbeT,ضبطت,ضبطتي,ضبطتي,ضبط,ضبطات,ضبطنا,ضبطتو,ضبطو
kemmel,كملت,كملتي,كملتي,كمل,كملات,كملنا,كملتو,كملو
khdech,خدشت,خدشتي,خدشتي,خدش,خدشات,خدشنا,خدشتو,خدشو
stelzem,ستلزمت,ستلزمتي,ستلزمتي,ستلزم,ستلزمات,ستلزمنا,ستلزمتو,ستلزمو
nffed,نفدت,نفدتي,نفدتي,نفد,نفدات,نفدنا,نفدتو,نفدو
3dem,عدمت,عدمتي,عدمتي,عدم,عدمات,عدمنا,عدمتو,عدمو
wTTed,وطدت,وطدتي,وطدتي,وطد,وطدات,وطدنا,وطدتو,وطدو
berrer,بررت,بررتي,بررتي,برر,بررات,بررنا,بررتو,بررو
D33ef,ضعفت,ضعفتي,ضعفتي,ضعف,ضعفات,ضعفنا,ضعفتو,ضعفو
tmechcha,تمششيت,تمششيتي,تمششيتي,تمششا,تمششات,تمششينا,تمششيتو,تمششاو
wsse3,وسعت,وسعتي,وسعتي,وسع,وسعات,وسعنا,وسعتو,وسعو
drdech,دردشت,دردشتي,دردشتي,دردش,دردشات,دردشنا,دردشتو,دردشو
rkeb,ركبت,ركبتي,ركبتي,ركب,ركبات,ركبنا,ركبتو,ركبو
khtar3,ختارعت,ختارعتي,ختارعتي,ختارع,ختارعات,ختارعنا,ختارعتو,ختارعو
Sne3,صنعت,صنعتي,صنعتي,صنع,صنعات,صنعنا,صنعتو,صنعو
raaj3,راجعت,راجعتي,راجعتي,راجع,راجعات,راجعنا,راجعتو,راجعو
mSS,مصيت,مصيتي,مصيتي,مص,مصات,مصينا,مصيتو,مصو
Sowwer,صوورت,صوورتي,صوورتي,صوور,صوورات,صوورنا,صوورتو,صوورو
STadem,صطادمت,صطادمتي,صطادمتي,صطادم,صطادمات,صطادمنا,صطادمتو,صطادمو
frchekh,فرشخت,فرشختي,فرشختي,فرشخ,فرشخات,فرشخنا,فرشختو,فرشخو
n9el,نقلت,نقلتي,نقلتي,نقل,نقلات,نقلنا,نقلتو,نقلو
3iyyen,عيينت,عيينتي,عيينتي,عيين,عيينات,عيينا,عيينتو,عيينو
stfser,ستفسرت,ستفسرتي,ستفسرتي,ستفسر,ستفسرات,ستفسرنا,ستفسرتو,ستفسرو
Syyed,صيدت,صيدتي,صيدتي,صيد,صيدات,صيدنا,صيدتو,صيدو
dowwer,دوورت,دوورتي,دوورتي,دوور,دوورات,دوورنا,دوورتو,دوورو
zyyen,زينت,زينتي,زينتي,زين,زينات,زينا,زينتو,زينو
jme3,جمعت,جمعتي,جمعتي,جمع,جمعات,جمعنا,جمعتو,جمعو
staghell,ستاغليت,ستاغليتي,ستاغليتي,ستاغل,ستاغلات,ستاغلينا,ستاغليتو,ستاغلو
wret,ورت,ورتي,ورتي,ورت,ورتات,ورتنا,ورتو,ورتو
khrbe9,خربقت,خربقتي,خربقتي,خربق,خربقات,خربقنا,خربقتو,خربقو
khne9,خنقت,خنقتي,خنقتي,خنق,خنقات,خنقنا,خنقتو,خنقو
daaf3,دافعت,دافعتي,دافعتي,دافع,دافعات,دافعنا,دافعتو,دافعو
ghmmes,غمست,غمستي,غمستي,غمس,غمسات,غمسنا,غمستو,غمسو
chtark,شتاركت,شتاركتي,شتاركتي,شتارك,شتاركات,شتاركنا,شتاركتو,شتاركو
3llem,علمت,علمتي,علمتي,علم,علمات,علمنا,علمتو,علمو
Tlle9,طلقت,طلقتي,طلقتي,طلق,طلقات,طلقنا,طلقتو,طلقو
ghzel,غزلت,غزلتي,غزلتي,غزل,غزلات,غزلنا,غزلتو,غزلو
chowwech,شووشت,شووشتي,شووشتي,شووش,شووشات,شووشنا,شووشتو,شووشو
tsellel,تسللت,تسللتي,تسللتي,تسلل,تسللات,تسللنا,تسللتو,تسللو
7rref,حرفت,حرفتي,حرفتي,حرف,حرفات,حرفنا,حرفتو,حرفو
mzej,مزجت,مزجتي,مزجتي,مزج,مزجات,مزجنا,مزجتو,مزجو
nseb,نسبت,نسبتي,نسبتي,نسب,نسبات,نسبنا,نسبتو,نسبو
sken,سكنت,سكنتي,سكنتي,سكن,سكنات,سكنا,سكنتو,سكنو
n99eT,نقطت,نقطتي,نقطتي,نقط,نقطات,نقطنا,نقطتو,نقطو
rje3,رجعت,رجعتي,رجعتي,رجع,رجعات,رجعنا,رجعتو,رجعو
9iyyem,قييمت,قييمتي,قييمتي,قييم,قييمات,قييمنا,قييمتو,قييمو
jaaza,جازيت,جازيتي,جازيتي,جازا,جازات,جازينا,جازيتو,جازاو
kaf7,كافحت,كافحتي,كافحتي,كافح,كافحات,كافحنا,كافحتو,كافحو
bllegh,بلغت,بلغتي,بلغتي,بلغ,بلغات,بلغنا,بلغتو,بلغو
tserreb,تسربت,تسربتي,تسربتي,تسرب,تسربات,تسربنا,تسربتو,تسربو
rTTeb,رطبت,رطبتي,رطبتي,رطب,رطبات,رطبنا,رطبتو,رطبو
chiyyer,شييرت,شييرتي,شييرتي,شيير,شييرات,شييرنا,شييرتو,شييرو
sToka,سطوكيت,سطوكيتي,سطوكيتي,سطوكا,سطوكات,سطوكينا,سطوكيتو,سطوكاو
wDe3,وضعت,وضعتي,وضعتي,وضع,وضعات,وضعنا,وضعتو,وضعو
nkharT,نخارطت,نخارطتي,نخارطتي,نخارط,نخارطات,نخارطنا,نخارطتو,نخارطو
tchbbet,تشبت,تشبتي,تشبتي,تشبت,تشبتات,تشبتنا,تشبتو,تشبتو
sted3a,ستدعيت,ستدعيتي,ستدعيتي,ستدعا,ستدعات,ستدعينا,ستدعيتو,ستدعاو
wgf,وڭفت,وڭفتي,وڭفتي,وڭف,وڭفات,وڭفنا,وڭفتو,وڭفو
khwa,خويت,خويتي,خويتي,خوا,خوات,خوينا,خويتو,خواو
rtteb,رتبت,رتبتي,رتبتي,رتب,رتبات,رتبنا,رتبتو,رتبو
tsme3,تسمعت,تسمعتي,تسمعتي,تسمع,تسمعات,تسمعنا,تسمعتو,تسمعو
gedd,ڭديت,ڭديتي,ڭديتي,ڭد,ڭدات,ڭدينا,ڭديتو,ڭدو
3t9,عتقت,عتقتي,عتقتي,عتق,عتقات,عتقنا,عتقتو,عتقو
t98wa,تقهويت,تقهويتي,تقهويتي,تقهوا,تقهوات,تقهوينا,تقهويتو,تقهواو
dwa,دويت,دويتي,دويتي,دوا,دوات,دوينا,دويتو,دواو
